{
  "market": "us",
  "universe_size": 2254,
  "n_events": 44403,
  "overall_direction": {
    "UP": 17593,
    "DOWN": 16487,
    "NEUTRAL": 10323
  },
  "by_ema_state": {
    "BEAR_DOWN": 0.42339544513457555,
    "BEAR_UP": 0.39268461007591443,
    "BEAR_NEUTRAL": 0.18391994478951001,
    "BULL_UP": 0.416827025871285,
    "BULL_DOWN": 0.33082103912764593,
    "BULL_NEUTRAL": 0.25235193500106906,
    "TANGLED_NEUTRAL": 0.34590497319282676,
    "TANGLED_UP": 0.338140136809022,
    "TANGLED_DOWN": 0.31595488999815124
  },
  "by_vol_signal": {
    "ACCUMULATION_UP": 0.43761160714285713,
    "ACCUMULATION_DOWN": 0.3650669642857143,
    "ACCUMULATION_NEUTRAL": 0.19732142857142856,
    "DISTRIBUTION_DOWN": 0.41438547486033517,
    "DISTRIBUTION_UP": 0.35446927374301673,
    "DISTRIBUTION_NEUTRAL": 0.23114525139664804,
    "NEUTRAL_UP": 0.39366403846833786,
    "NEUTRAL_DOWN": 0.3623731570201181,
    "NEUTRAL_NEUTRAL": 0.24396280451154403
  }
}