{
  "market": "tw",
  "universe_size": 1925,
  "n_events": 35202,
  "overall_direction": {
    "UP": 12655,
    "DOWN": 11479,
    "NEUTRAL": 11068
  },
  "by_ema_state": {
    "BEAR_DOWN": 0.3681248088100337,
    "BEAR_UP": 0.3225451208320587,
    "BEAR_NEUTRAL": 0.3093300703579076,
    "BULL_UP": 0.42040259844414146,
    "BULL_DOWN": 0.3044349987970166,
    "BULL_NEUTRAL": 0.2751624027588419,
    "TANGLED_NEUTRAL": 0.4040388227927364,
    "TANGLED_UP": 0.3351596743894803,
    "TANGLED_DOWN": 0.26080150281778336
  },
  "by_vol_signal": {
    "ACCUMULATION_UP": 0.41059299397084636,
    "ACCUMULATION_DOWN": 0.31214225749828284,
    "ACCUMULATION_NEUTRAL": 0.2772647485308708,
    "DISTRIBUTION_NEUTRAL": 0.3525191586499266,
    "DISTRIBUTION_DOWN": 0.3518669492907223,
    "DISTRIBUTION_UP": 0.29561389205935107,
    "NEUTRAL_UP": 0.3421019666791933,
    "NEUTRAL_NEUTRAL": 0.3302643116622824,
    "NEUTRAL_DOWN": 0.3276337216585244
  }
}