{
  "1_三隻烏鴉": {
    "5d": {
      "n": 158,
      "mean": 1.2302831351641765,
      "median": 0.08129957245617378,
      "down_prob": 46.835443037974684,
      "avg_drop": -4.718043417117294,
      "worst": -19.302949061662197,
      "best": 43.41085060708302
    },
    "10d": {
      "n": 157,
      "mean": 0.7447632827973255,
      "median": 0.0,
      "down_prob": 49.681528662420384,
      "avg_drop": -7.049330374390657,
      "worst": -24.46352789637549,
      "best": 68.92725348659103
    },
    "30d": {
      "n": 156,
      "mean": 2.456748000882976,
      "median": -0.2155461616968736,
      "down_prob": 50.641025641025635,
      "avg_drop": -8.969227828000358,
      "worst": -28.93961527637533,
      "best": 104.739336492891
    }
  },
  "2_黃昏之星": {
    "5d": {
      "n": 280,
      "mean": 0.5406673818967314,
      "median": -0.17967061906951853,
      "down_prob": 51.42857142857142,
      "avg_drop": -4.5916550515081,
      "worst": -33.6734693877551,
      "best": 45.66786500622057
    },
    "10d": {
      "n": 279,
      "mean": 1.8172113074200582,
      "median": -0.49260019328615484,
      "down_prob": 53.04659498207885,
      "avg_drop": -5.7658139407681395,
      "worst": -39.59183595618423,
      "best": 71.12810957094429
    },
    "30d": {
      "n": 274,
      "mean": 4.7038115583053495,
      "median": -0.7276733419238981,
      "down_prob": 51.82481751824818,
      "avg_drop": -9.905928133649073,
      "worst": -36.307689960186295,
      "best": 174.5664403537327
    }
  },
  "3_空頭吞噬": {
    "5d": {
      "n": 36624,
      "mean": 0.4200214217533943,
      "median": -0.14727095236897092,
      "down_prob": 50.37953254696374,
      "avg_drop": -4.3718601822985175,
      "worst": -56.69099756690997,
      "best": 77.37003058103976
    },
    "10d": {
      "n": 36490,
      "mean": 0.6950258690914572,
      "median": -0.396470756649994,
      "down_prob": 51.88544806796382,
      "avg_drop": -6.096187583141968,
      "worst": -62.77372262773723,
      "best": 141.40627479559888
    },
    "30d": {
      "n": 36061,
      "mean": 2.191184690862383,
      "median": -1.019108280254777,
      "down_prob": 53.3235351210449,
      "avg_drop": -9.617855283931805,
      "worst": -72.91187818248561,
      "best": 391.5254188621249
    }
  },
  "4_烏雲蓋頂": {
    "5d": {
      "n": 4597,
      "mean": 0.366206834184898,
      "median": -0.4629629629629629,
      "down_prob": 53.230367631063736,
      "avg_drop": -4.836638971302133,
      "worst": -28.623184196889717,
      "best": 60.17963340075677
    },
    "10d": {
      "n": 4577,
      "mean": 0.9064230112577133,
      "median": -0.6858834023625512,
      "down_prob": 53.37557351977278,
      "avg_drop": -6.522157389927947,
      "worst": -43.84057946256214,
      "best": 139.66942409105408
    },
    "30d": {
      "n": 4522,
      "mean": 2.456341606466539,
      "median": -1.4778336261996912,
      "down_prob": 54.20168067226891,
      "avg_drop": -10.300995361838932,
      "worst": -63.58695639794774,
      "best": 199.5642470914002
    }
  },
  "5_流星線": {
    "5d": {
      "n": 21285,
      "mean": 0.6080801358047072,
      "median": -0.19493089307442008,
      "down_prob": 50.716466995536756,
      "avg_drop": -4.44828957814102,
      "worst": -49.18224193481603,
      "best": 65.73033614823181
    },
    "10d": {
      "n": 21223,
      "mean": 1.0721209116538124,
      "median": -0.40650526957494343,
      "down_prob": 52.113273335532206,
      "avg_drop": -5.9353054508120735,
      "worst": -52.7200076746131,
      "best": 109.38775198800224
    },
    "30d": {
      "n": 20989,
      "mean": 2.6905282798893655,
      "median": -0.6944295492265855,
      "down_prob": 52.07013197389109,
      "avg_drop": -9.88662593364056,
      "worst": -64.36974661690849,
      "best": 231.73077793885545
    }
  },
  "6_吊人線": {
    "5d": {
      "n": 18296,
      "mean": 0.36519751696046177,
      "median": -0.42418250313854206,
      "down_prob": 53.59641451683428,
      "avg_drop": -4.346855699517469,
      "worst": -58.30882601963654,
      "best": 65.1619122160328
    },
    "10d": {
      "n": 18225,
      "mean": 0.77106527016806,
      "median": -0.6734067588669757,
      "down_prob": 53.93141289437585,
      "avg_drop": -5.88603429127196,
      "worst": -64.1228056790536,
      "best": 121.02010316073921
    },
    "30d": {
      "n": 18022,
      "mean": 2.24001683578122,
      "median": -1.204094448701999,
      "down_prob": 54.32804350238597,
      "avg_drop": -9.4745555230275,
      "worst": -71.97368354128119,
      "best": 278.97648568782694
    }
  },
  "7_頂部十字星": {
    "5d": {
      "n": 60850,
      "mean": 0.5623274748125859,
      "median": -0.2941206513442185,
      "down_prob": 51.60065735414955,
      "avg_drop": -4.548044357065646,
      "worst": -53.63636214943192,
      "best": 106.06504809220789
    },
    "10d": {
      "n": 60624,
      "mean": 1.130363832808199,
      "median": -0.38314272236655833,
      "down_prob": 51.703945632092896,
      "avg_drop": -6.120815754537231,
      "worst": -60.95588284998479,
      "best": 136.47541665992452
    },
    "30d": {
      "n": 59968,
      "mean": 2.9793544795768128,
      "median": -0.6322424072296513,
      "down_prob": 51.84765208110993,
      "avg_drop": -9.790853476730819,
      "worst": -76.0661761817656,
      "best": 418.82352941176475
    }
  }
}