{
  "1_三隻烏鴉": {
    "baseline": {
      "n": 156,
      "mean": 2.456748000882976,
      "down_prob": 50.641025641025635
    },
    "a_RSI70": null,
    "b_RSI75": null,
    "c_close_below_EMA20": {
      "n": 110,
      "mean": 3.2813449951616347,
      "down_prob": 50.90909090909091
    },
    "d_ADX_falling": {
      "n": 73,
      "mean": 3.6713537431875074,
      "down_prob": 47.94520547945205
    },
    "e_near_60d_high": {
      "n": 6,
      "mean": -3.853232180207126,
      "down_prob": 83.33333333333334
    },
    "f_extended_SMA200": {
      "n": 54,
      "mean": -0.5931009650140231,
      "down_prob": 51.85185185185185
    },
    "g_volume_spike": {
      "n": 82,
      "mean": 0.37771817159986304,
      "down_prob": 51.21951219512195
    },
    "h_volume_dry": {
      "n": 7,
      "mean": -1.2582044690765992,
      "down_prob": 71.42857142857143
    },
    "i_RSI70_below_EMA20": null,
    "j_RSI75_ADX_falling": null,
    "k_top_extended": null
  },
  "2_黃昏之星": {
    "baseline": {
      "n": 274,
      "mean": 4.7038115583053495,
      "down_prob": 51.82481751824818
    },
    "a_RSI70": {
      "n": 35,
      "mean": 6.128622188120469,
      "down_prob": 54.285714285714285
    },
    "b_RSI75": {
      "n": 10,
      "mean": -0.5440204672222435,
      "down_prob": 70.0
    },
    "c_close_below_EMA20": {
      "n": 42,
      "mean": 3.742564536258327,
      "down_prob": 42.857142857142854
    },
    "d_ADX_falling": {
      "n": 85,
      "mean": 7.351099376954598,
      "down_prob": 51.76470588235295
    },
    "e_near_60d_high": {
      "n": 107,
      "mean": 4.554949629560454,
      "down_prob": 47.66355140186916
    },
    "f_extended_SMA200": {
      "n": 105,
      "mean": 6.1635272206649026,
      "down_prob": 58.0952380952381
    },
    "g_volume_spike": {
      "n": 143,
      "mean": 2.673792488717146,
      "down_prob": 59.44055944055944
    },
    "h_volume_dry": {
      "n": 34,
      "mean": 12.01743003429206,
      "down_prob": 52.94117647058824
    },
    "i_RSI70_below_EMA20": null,
    "j_RSI75_ADX_falling": null,
    "k_top_extended": {
      "n": 23,
      "mean": 12.1233020717345,
      "down_prob": 47.82608695652174
    }
  },
  "3_空頭吞噬": {
    "baseline": {
      "n": 35863,
      "mean": 2.1906808270422924,
      "down_prob": 53.27775144299138
    },
    "a_RSI70": {
      "n": 3186,
      "mean": 3.173711977566696,
      "down_prob": 51.9774011299435
    },
    "b_RSI75": {
      "n": 1202,
      "mean": 3.2372117476236477,
      "down_prob": 52.32945091514143
    },
    "c_close_below_EMA20": {
      "n": 7762,
      "mean": 1.784460441098186,
      "down_prob": 53.5944344241175
    },
    "d_ADX_falling": {
      "n": 15342,
      "mean": 1.9970796924079235,
      "down_prob": 53.311171946291225
    },
    "e_near_60d_high": {
      "n": 16016,
      "mean": 2.4055270292179425,
      "down_prob": 51.51098901098901
    },
    "f_extended_SMA200": {
      "n": 11307,
      "mean": 3.146065972694973,
      "down_prob": 53.86928451401787
    },
    "g_volume_spike": {
      "n": 10273,
      "mean": 2.2787089710691033,
      "down_prob": 54.41448457120608
    },
    "h_volume_dry": {
      "n": 11852,
      "mean": 1.9240493529072815,
      "down_prob": 53.12183597705029
    },
    "i_RSI70_below_EMA20": null,
    "j_RSI75_ADX_falling": {
      "n": 30,
      "mean": -0.2370920138054121,
      "down_prob": 60.0
    },
    "k_top_extended": {
      "n": 4355,
      "mean": 3.4061492061091214,
      "down_prob": 51.917336394948336
    }
  },
  "4_烏雲蓋頂": {
    "baseline": {
      "n": 4493,
      "mean": 2.4575805337905723,
      "down_prob": 54.217671934119736
    },
    "a_RSI70": {
      "n": 740,
      "mean": 3.561561268375688,
      "down_prob": 55.270270270270274
    },
    "b_RSI75": {
      "n": 303,
      "mean": 4.867228985080773,
      "down_prob": 54.12541254125413
    },
    "c_close_below_EMA20": {
      "n": 317,
      "mean": 1.895768503035445,
      "down_prob": 51.10410094637224
    },
    "d_ADX_falling": {
      "n": 1316,
      "mean": 1.5062231764164777,
      "down_prob": 55.62310030395137
    },
    "e_near_60d_high": {
      "n": 2657,
      "mean": 2.308455469620516,
      "down_prob": 53.59427926232593
    },
    "f_extended_SMA200": {
      "n": 1711,
      "mean": 3.1377772559818347,
      "down_prob": 54.82174167153712
    },
    "g_volume_spike": {
      "n": 2762,
      "mean": 2.187738811285775,
      "down_prob": 56.517016654598116
    },
    "h_volume_dry": {
      "n": 671,
      "mean": 3.1560103942577453,
      "down_prob": 50.22354694485842
    },
    "i_RSI70_below_EMA20": null,
    "j_RSI75_ADX_falling": null,
    "k_top_extended": {
      "n": 962,
      "mean": 2.9453712615259238,
      "down_prob": 54.98960498960499
    }
  },
  "5_流星線": {
    "baseline": {
      "n": 20842,
      "mean": 2.7003029628248365,
      "down_prob": 51.99596967661453
    },
    "a_RSI70": {
      "n": 3722,
      "mean": 3.7090996633211133,
      "down_prob": 49.48952176249328
    },
    "b_RSI75": {
      "n": 1833,
      "mean": 3.932634151403181,
      "down_prob": 48.93617021276596
    },
    "c_close_below_EMA20": {
      "n": 2914,
      "mean": 2.5403282421176003,
      "down_prob": 52.33356211393274
    },
    "d_ADX_falling": {
      "n": 8807,
      "mean": 2.6456822372880104,
      "down_prob": 51.95866924037698
    },
    "e_near_60d_high": {
      "n": 10817,
      "mean": 3.129194060938482,
      "down_prob": 50.50383655357308
    },
    "f_extended_SMA200": {
      "n": 6759,
      "mean": 3.7352202585486864,
      "down_prob": 51.67924249149283
    },
    "g_volume_spike": {
      "n": 7770,
      "mean": 2.590102412282374,
      "down_prob": 53.371943371943374
    },
    "h_volume_dry": {
      "n": 6550,
      "mean": 2.7920290388371236,
      "down_prob": 51.54198473282443
    },
    "i_RSI70_below_EMA20": null,
    "j_RSI75_ADX_falling": {
      "n": 74,
      "mean": 6.4985322450188745,
      "down_prob": 48.64864864864865
    },
    "k_top_extended": {
      "n": 3411,
      "mean": 4.46685317348073,
      "down_prob": 49.72148929932571
    }
  },
  "6_吊人線": {
    "baseline": {
      "n": 17879,
      "mean": 2.240257290202844,
      "down_prob": 54.309525141227134
    },
    "a_RSI70": {
      "n": 5083,
      "mean": 3.6324099494518154,
      "down_prob": 53.13791068266771
    },
    "b_RSI75": {
      "n": 2931,
      "mean": 3.9722429512226465,
      "down_prob": 53.258273626748554
    },
    "c_close_below_EMA20": {
      "n": 1734,
      "mean": 0.6642485083989933,
      "down_prob": 56.11303344867359
    },
    "d_ADX_falling": {
      "n": 7743,
      "mean": 1.8721680902490883,
      "down_prob": 54.08756296009298
    },
    "e_near_60d_high": {
      "n": 11518,
      "mean": 2.464426849103977,
      "down_prob": 53.880882097586394
    },
    "f_extended_SMA200": {
      "n": 5572,
      "mean": 3.6588646320082443,
      "down_prob": 53.409906676238336
    },
    "g_volume_spike": {
      "n": 4809,
      "mean": 2.5915417275970216,
      "down_prob": 55.957579538365565
    },
    "h_volume_dry": {
      "n": 6847,
      "mean": 2.1111633607746634,
      "down_prob": 54.1258945523587
    },
    "i_RSI70_below_EMA20": null,
    "j_RSI75_ADX_falling": {
      "n": 181,
      "mean": 1.0103659844312227,
      "down_prob": 54.69613259668509
    },
    "k_top_extended": {
      "n": 3787,
      "mean": 4.044349726014802,
      "down_prob": 52.7858463163454
    }
  },
  "7_頂部十字星": {
    "baseline": {
      "n": 59579,
      "mean": 2.992031390603607,
      "down_prob": 51.78334648114269
    },
    "a_RSI70": {
      "n": 15139,
      "mean": 3.9297356802566754,
      "down_prob": 50.47229011163221
    },
    "b_RSI75": {
      "n": 8453,
      "mean": 4.22014021014018,
      "down_prob": 50.538270436531405
    },
    "c_close_below_EMA20": {
      "n": 6658,
      "mean": 2.882126156835112,
      "down_prob": 52.40312406127966
    },