{
  "T3_IN": {
    "n": 25120,
    "mean": 4.642944755862804,
    "win": 55.44984076433121,
    "worst": -64.41860873801629,
    "rr": 0.07207458911050334
  },
  "T3_POST10": {
    "n": 17729,
    "mean": 0.19726060325136657,
    "win": 42.92402278752327,
    "worst": -63.02211655684241,
    "rr": 0.0031300218721383084
  },
  "T3_POST30": {
    "n": 70517,
    "mean": 2.173364532610503,
    "win": 49.060510231575364,
    "worst": -59.04761904761905,
    "rr": 0.03680697998775852
  },
  "T1_IN": {
    "n": 8216,
    "mean": 5.700816486430299,
    "win": 58.994644595910415,
    "worst": -45.86341566248183,
    "rr": 0.12429986742338955
  },
  "T1_POST10": {
    "n": 11196,
    "mean": 0.40941421680953766,
    "win": 43.979992854590925,
    "worst": -46.520425285478815,
    "rr": 0.008800741057226209
  },
  "飆股_POST10": {
    "n": 9926,
    "mean": -1.526025568446065,
    "win": 39.36127342333266,
    "worst": -57.07121309213324,
    "rr": -0.026738971992456458
  },
  "T3_NORMAL": {
    "n": 64783,
    "mean": 2.6820673277191194,
    "win": 51.16311377984965,
    "worst": -74.20814384675359,
    "rr": 0.0361424931104304
  },
  "T1_POST30": {
    "n": 30784,
    "mean": 1.5907427697537257,
    "win": 45.40345634095634,
    "worst": -51.54791229772919,
    "rr": 0.030859499421934916
  },
  "T1_NORMAL": {
    "n": 20656,
    "mean": 2.6507450527781202,
    "win": 46.645042602633616,
    "worst": -40.461112191222426,
    "rr": 0.06551340062651982
  },
  "飆股_POST30": {
    "n": 29065,
    "mean": 1.107293351155862,
    "win": 42.662996731463956,
    "worst": -98.98206274605653,
    "rr": 0.01118680819975109
  },
  "T4_POST30": {
    "n": 3306,
    "mean": 6.984002013536804,
    "win": 65.15426497277676,
    "worst": -48.84696101420002,
    "rr": 0.1429772061256078
  },
  "T4_NORMAL": {
    "n": 1251,
    "mean": 2.554251902020992,
    "win": 56.83453237410072,
    "worst": -30.511811481863482,
    "rr": 0.08371354495092054
  },
  "飆股_IN": {
    "n": 6972,
    "mean": 5.68796800686137,
    "win": 54.05909351692484,
    "worst": -60.37037319137929,
    "rr": 0.09421787055763298
  },
  "飆股_NORMAL": {
    "n": 18119,
    "mean": 2.54660787801743,
    "win": 44.95281196534025,
    "worst": -41.66667041759793,
    "rr": 0.06111858357037979
  },
  "T4_IN": {
    "n": 756,
    "mean": 2.755581772385848,
    "win": 59.65608465608465,
    "worst": -54.76190522699375,
    "rr": 0.05031931889447011
  },
  "T4_POST10": {
    "n": 442,
    "mean": -1.195831738016982,
    "win": 40.723981900452486,
    "worst": -50.916666138035815,
    "rr": -0.023486057291635415
  }
}