{
  "1_鎚子": {
    "baseline": {
      "n": 15071,
      "mean": 3.0647095727693707,
      "up_prob": 54.69444628757216
    },
    "a_RSI30": {
      "n": 2638,
      "mean": 3.674338383482091,
      "up_prob": 58.22592873388931
    },
    "b_RSI25": {
      "n": 996,
      "mean": 3.5723402442482337,
      "up_prob": 58.43373493975904
    },
    "c_close_above_EMA20": {
      "n": 1578,
      "mean": 4.5624034258645985,
      "up_prob": 58.30164765525983
    },
    "d_ADX_rising": {
      "n": 8124,
      "mean": 3.2689172861539477,
      "up_prob": 56.54849827671098
    },
    "e_near_60d_low": {
      "n": 8780,
      "mean": 2.4421945524230217,
      "up_prob": 53.90660592255125
    },
    "f_extended_down": {
      "n": 1966,
      "mean": 6.006526202961707,
      "up_prob": 61.34282807731435
    },
    "g_volume_spike": {
      "n": 1418,
      "mean": 3.4550933502899945,
      "up_prob": 55.64174894217208
    },
    "h_volume_dry": {
      "n": 10347,
      "mean": 2.7165627938045867,
      "up_prob": 53.30047356721755
    },
    "i_RSI30_above_EMA20": null,
    "j_RSI25_ADX_rising": {
      "n": 951,
      "mean": 3.6085779767848822,
      "up_prob": 58.78023133543638
    },
    "k_bottom_extended": {
      "n": 1132,
      "mean": 5.640220511200078,
      "up_prob": 61.042402826855124
    }
  },
  "2_倒鎚": {
    "baseline": {
      "n": 19106,
      "mean": 4.0175196929722,
      "up_prob": 56.317387208206846
    },
    "a_RSI30": {
      "n": 3097,
      "mean": 6.760565979130781,
      "up_prob": 65.25670003228932
    },
    "b_RSI25": {
      "n": 1316,
      "mean": 8.973553128497441,
      "up_prob": 70.82066869300911
    },
    "c_close_above_EMA20": {
      "n": 1765,
      "mean": 4.285764119667561,
      "up_prob": 56.43059490084986
    },
    "d_ADX_rising": {
      "n": 9152,
      "mean": 4.81130374405057,
      "up_prob": 59.527972027972034
    },
    "e_near_60d_low": {
      "n": 11184,
      "mean": 3.795049619649742,
      "up_prob": 57.036838340486405
    },
    "f_extended_down": {
      "n": 2589,
      "mean": 7.845047605871511,
      "up_prob": 64.50366937041329
    },
    "g_volume_spike": {
      "n": 1741,
      "mean": 6.417063095139572,
      "up_prob": 63.411832280298675
    },
    "h_volume_dry": {
      "n": 13360,
      "mean": 3.4742043001070226,
      "up_prob": 54.86526946107785
    },
    "i_RSI30_above_EMA20": null,
    "j_RSI25_ADX_rising": {
      "n": 1223,
      "mean": 9.356280314522392,
      "up_prob": 71.3818479149632
    },
    "k_bottom_extended": {
      "n": 1691,
      "mean": 8.138029981733688,
      "up_prob": 65.22767593140154
    }
  },
  "3_多頭吞噬": {
    "baseline": {
      "n": 16456,
      "mean": 2.4000293853836334,
      "up_prob": 52.132960622265436
    },
    "a_RSI30": {
      "n": 808,
      "mean": 2.2150262095838893,
      "up_prob": 56.311881188118804
    },
    "b_RSI25": {
      "n": 248,
      "mean": 2.8254438782457942,
      "up_prob": 54.83870967741935
    },
    "c_close_above_EMA20": {
      "n": 3733,
      "mean": 2.916658507182172,
      "up_prob": 52.799357085454055
    },
    "d_ADX_rising": {
      "n": 7770,
      "mean": 2.3308073054880856,
      "up_prob": 52.9086229086229
    },
    "e_near_60d_low": {
      "n": 8038,
      "mean": 1.7562728133325824,
      "up_prob": 51.65464045782533
    },
    "f_extended_down": {
      "n": 1489,
      "mean": 4.269137309492813,
      "up_prob": 57.28676964405641
    },
    "g_volume_spike": {
      "n": 1401,
      "mean": 1.8252807378315945,
      "up_prob": 49.75017844396859
    },
    "h_volume_dry": {
      "n": 11027,
      "mean": 2.3994789312879257,
      "up_prob": 52.099392400471565
    },
    "i_RSI30_above_EMA20": null,
    "j_RSI25_ADX_rising": {
      "n": 238,
      "mean": 3.260834507666713,
      "up_prob": 55.46218487394958
    },
    "k_bottom_extended": {
      "n": 735,
      "mean": 4.710767626743582,
      "up_prob": 60.136054421768705
    }
  },
  "4_旭日東昇": {
    "baseline": {
      "n": 1501,
      "mean": 2.9440000159533586,
      "up_prob": 53.564290473017984
    },
    "a_RSI30": {
      "n": 100,
      "mean": 4.624593717889071,
      "up_prob": 57.99999999999999
    },
    "b_RSI25": {
      "n": 18,
      "mean": 6.729258825241731,
      "up_prob": 61.111111111111114
    },
    "c_close_above_EMA20": {
      "n": 230,
      "mean": 3.554001999925281,
      "up_prob": 55.65217391304348
    },
    "d_ADX_rising": {
      "n": 832,
      "mean": 3.662706527690404,
      "up_prob": 55.04807692307693
    },
    "e_near_60d_low": {
      "n": 833,
      "mean": 2.476021700786715,
      "up_prob": 53.06122448979592
    },
    "f_extended_down": {
      "n": 165,
      "mean": 5.054903252304039,
      "up_prob": 56.96969696969697
    },
    "g_volume_spike": {
      "n": 122,
      "mean": 3.6092783061302858,
      "up_prob": 56.557377049180324
    },
    "h_volume_dry": {
      "n": 1005,
      "mean": 2.7537481023207495,
      "up_prob": 52.83582089552239
    },
    "i_RSI30_above_EMA20": null,
    "j_RSI25_ADX_rising": {
      "n": 18,
      "mean": 6.729258825241731,
      "up_prob": 61.111111111111114
    },
    "k_bottom_extended": {
      "n": 91,
      "mean": 4.9521493343979595,
      "up_prob": 60.43956043956044
    }
  },
  "5_啟明星": {
    "baseline": {
      "n": 179,
      "mean": 1.6384246159469222,
      "up_prob": 48.60335195530726
    },
    "a_RSI30": null,
    "b_RSI25": null,
    "c_close_above_EMA20": {
      "n": 38,
      "mean": 3.287175542334158,
      "up_prob": 47.368421052631575
    },
    "d_ADX_rising": {
      "n": 95,
      "mean": 3.1109032957755733,
      "up_prob": 51.578947368421055
    },
    "e_near_60d_low": {
      "n": 82,
      "mean": 1.5948427809521843,
      "up_prob": 48.78048780487805
    },
    "f_extended_down": {
      "n": 14,
      "mean": 1.8294645393119038,
      "up_prob": 57.14285714285714
    },
    "g_volume_spike": {
      "n": 33,
      "mean": -0.04498441035612396,
      "up_prob": 45.45454545454545
    },
    "h_volume_dry": {
      "n": 85,
      "mean": 2.682462182150368,
      "up_prob": 48.23529411764706
    },
    "i_RSI30_above_EMA20": null,
    "j_RSI25_ADX_rising": null,
    "k_bottom_extended": {
      "n": 8,
      "mean": 0.34626362150963264,
      "up_prob": 62.5
    }
  },
  "6_紅三兵": {
    "baseline": {
      "n": 511,
      "mean": 3.6614130246179455,
      "up_prob": 53.62035225048923
    },
    "a_RSI30": null,
    "b_RSI25": null,
    "c_close_above_EMA20": {
      "n": 390,
      "mean": 3.559781591490818,
      "up_prob": 53.58974358974359
    },
    "d_ADX_rising": {
      "n": 192,
      "mean": 2.4655951490607975,
      "up_prob": 50.0
    },
    "e_near_60d_low": {
      "n": 52,
      "mean": 1.773824567050856,
      "up_prob": 53.84615384615385
    },
    "f_extended_down": {
      "n": 58,
      "mean": 4.36254993820375,
      "up_prob": 44.827586206896555
    },
    "g_volume_spike": {
      "n": 182,
      "mean": 3.7153498147012205,
      "up_prob": 53.84615384615385
    },
    "h_volume_dry": {
      "n": 162,
      "mean": 2.7008372761569372,
      "up_prob": 51.23456790123457
    },
    "i_RSI30_above_EMA20": null,
    "j_RSI25_ADX_rising": null,
    "k_bottom_extended": null
  },
  "7_底部十字星": {
    "baseline": {
      "n": 44621,
      "mean": 3.842027799950085,
      "up_prob": 56.51823132605723
    },
    "a_RSI30": {
      "n": 7426,
      "mean": 5.5071583426708814,
      "up_prob": 62.91408564503097
    },
    "b_RSI25": {
      "n": 3116,
      "mean": 6.872023750143716,
      "up_prob": 67.0410783055199
    },
    "c_close_above_EMA20": {
      "n": 4724,
      "mean": 4.7282070979059405,
      "up_prob": 57.62066045723962
    },
    "d_ADX_rising": {
      "n": 22765,
      "mean": 4.2424965639621135,
      "up_prob": 58.800790687458814
    },
    "e_near_60d_low": {
      "n": 25494,
      "mean": 3.1956962450730235,
      "up_prob": 55.51894563426688
    },
    "f_extended_down": {
      "n": 5673,