{
  "1_鎚子": {
    "5d": {
      "n": 17094,
      "mean": 0.32545782428684705,
      "up_prob": 49.58464958464959,
      "avg_gain": 4.661208281149967,
      "worst": -99.98811004766436,
      "best": 112.49998378136414
    },
    "10d": {
      "n": 17018,
      "mean": 1.5498240785429407,
      "up_prob": 52.268186625925495,
      "avg_gain": 7.93545584915383,
      "worst": -99.98767942583731,
      "best": 10369.483943078983
    },
    "30d": {
      "n": 16674,
      "mean": 3.868272013332432,
      "up_prob": 56.2852344968214,
      "avg_gain": 12.902739572648121,
      "worst": -99.98595693761652,
      "best": 251.5439398430468
    }
  },
  "2_倒鎚": {
    "5d": {
      "n": 21087,
      "mean": 1.0230858079050502,
      "up_prob": 53.55432256840707,
      "avg_gain": 5.243847777837996,
      "worst": -50.19959399771654,
      "best": 118.0832015257631
    },
    "10d": {
      "n": 21003,
      "mean": 1.7409655581199226,
      "up_prob": 56.06818073608532,
      "avg_gain": 7.304179588175884,
      "worst": -49.12718674989339,
      "best": 119.26604059747723
    },
    "30d": {
      "n": 20537,
      "mean": 4.837415907901918,
      "up_prob": 57.66178117543945,
      "avg_gain": 14.156405544938716,
      "worst": -99.9916089965398,
      "best": 234.61538132360945
    }
  },
  "3_多頭吞噬": {
    "5d": {
      "n": 17772,
      "mean": 0.46109948395855366,
      "up_prob": 48.87463425613324,
      "avg_gain": 4.633121976805409,
      "worst": -36.38989192158984,
      "best": 150.5723004240246
    },
    "10d": {
      "n": 17688,
      "mean": 0.8795448709170572,
      "up_prob": 50.72930800542741,
      "avg_gain": 6.490605477797609,
      "worst": -52.97092101068742,
      "best": 150.57235518044567
    },
    "30d": {
      "n": 17361,
      "mean": 2.894145653355466,
      "up_prob": 53.03841944588446,
      "avg_gain": 12.37479669727074,
      "worst": -64.72564510245003,
      "best": 227.58619612377444
    }
  },
  "4_旭日東昇": {
    "5d": {
      "n": 1655,
      "mean": -0.3301974036749174,
      "up_prob": 46.46525679758308,
      "avg_gain": 4.6934698373396735,
      "worst": -36.87499894036187,
      "best": 60.40725113126493
    },
    "10d": {
      "n": 1652,
      "mean": 0.6309580652089555,
      "up_prob": 52.84503631961259,
      "avg_gain": 6.740530019329074,
      "worst": -45.90277671813965,
      "best": 156.78734765964725
    },
    "30d": {
      "n": 1634,
      "mean": 3.141597017813719,
      "up_prob": 53.182374541003675,
      "avg_gain": 13.515455420684686,
      "worst": -59.926469235489975,
      "best": 173.75568073052912
    }
  },
  "5_啟明星": {
    "5d": {
      "n": 201,
      "mean": -0.356218395704325,
      "up_prob": 48.258706467661696,
      "avg_gain": 4.692635533097887,
      "worst": -51.33779370507602,
      "best": 21.062995168484797
    },
    "10d": {
      "n": 200,
      "mean": -0.10946115665611131,
      "up_prob": 47.0,
      "avg_gain": 7.369814145942546,
      "worst": -34.75727962849552,
      "best": 63.58268127644043
    },
    "30d": {
      "n": 198,
      "mean": 2.091313384455752,
      "up_prob": 48.98989898989899,
      "avg_gain": 13.069814821738971,
      "worst": -34.37164395753992,
      "best": 86.93957690470701
    }
  },
  "6_紅三兵": {
    "5d": {
      "n": 574,
      "mean": 0.1574442105460611,
      "up_prob": 43.90243902439025,
      "avg_gain": 6.0221987964738215,
      "worst": -24.038460950644545,
      "best": 47.34848484848485
    },
    "10d": {
      "n": 571,
      "mean": 1.556632161464882,
      "up_prob": 56.042031523642734,
      "avg_gain": 7.390120164161459,
      "worst": -33.80281629572082,
      "best": 91.40271037386051
    },
    "30d": {
      "n": 565,
      "mean": 4.268904743192774,
      "up_prob": 55.39823008849557,
      "avg_gain": 14.492444191266976,
      "worst": -41.44578097480616,
      "best": 187.87878787878788
    }
  },
  "7_底部十字星": {
    "5d": {
      "n": 49202,
      "mean": 0.8413698099976679,
      "up_prob": 52.7864720946303,
      "avg_gain": 4.973777547761948,
      "worst": -40.818361154548825,
      "best": 102.38805865941478
    },
    "10d": {
      "n": 48996,
      "mean": 1.511219182240537,
      "up_prob": 54.99632623071271,
      "avg_gain": 7.095111532603121,
      "worst": -99.98865296786235,
      "best": 155.95237320332686
    },
    "30d": {
      "n": 47875,
      "mean": 4.430607702317242,
      "up_prob": 57.510182767624016,
      "avg_gain": 13.519841658348547,
      "worst": -99.98684931541688,
      "best": 232.9312397294074
    }
  }
}