{
  "tw_metrics": {
    "d1": {
      "n": 5705,
      "mean": 1.745256905669579,
      "median": -0.7873975541041109,
      "win": 45.433829973707276,
      "worst": -46.520425285478815,
      "best": 353.1073078604959,
      "rr": 0.03751592757287958
    },
    "d2": {
      "n": 6352,
      "mean": 1.884882069438967,
      "median": -0.6312412345667141,
      "win": 46.1272040302267,
      "worst": -43.518521114905454,
      "best": 321.19566090616274,
      "rr": 0.043312181139201884
    },
    "d3": {
      "n": 6797,
      "mean": 1.8496286919230769,
      "median": -0.6153871308389497,
      "win": 46.60879799911726,
      "worst": -44.5255472420109,
      "best": 270.3703860853552,
      "rr": 0.041540841303302586
    },
    "d4": {
      "n": 7100,
      "mean": 1.9863208909926071,
      "median": -0.47735519669607274,
      "win": 46.774647887323944,
      "worst": -47.75862142635108,
      "best": 304.0816301480562,
      "rr": 0.04159083389908411
    },
    "d5": {
      "n": 7281,
      "mean": 2.028399226366665,
      "median": -0.4694827079509123,
      "win": 46.902897953577806,
      "worst": -41.85714176722935,
      "best": 321.0526378408902,
      "rr": 0.0484600510385239
    },
    "d6": {
      "n": 7392,
      "mean": 2.026302850112744,
      "median": -0.49010859763831205,
      "win": 47.023809523809526,
      "worst": -40.02590535320639,
      "best": 365.6188465524956,
      "rr": 0.05062478492945372
    },
    "d7": {
      "n": 7405,
      "mean": 2.0469471371588455,
      "median": -0.4746815010404626,
      "win": 46.79270762997974,
      "worst": -45.171104693687454,
      "best": 322.92491393937166,
      "rr": 0.045315410172930774
    },
    "d8": {
      "n": 7421,
      "mean": 1.9647431514908718,
      "median": -0.38987685144801076,
      "win": 47.54076270044468,
      "worst": -46.42856954305287,
      "best": 273.9805943757585,
      "rr": 0.04231754651990688
    },
    "d9": {
      "n": 7396,
      "mean": 1.933280618574762,
      "median": -0.42283365681977786,
      "win": 47.309356408869654,
      "worst": -51.573848984353,
      "best": 238.6718580324671,
      "rr": 0.037485676493939794
    },
    "d10": {
      "n": 7316,
      "mean": 1.9033580908505967,
      "median": -0.35067815916908973,
      "win": 47.471295790049204,
      "worst": -49.55527026379868,
      "best": 219.6881139162315,
      "rr": 0.038408792459780926
    },
    "d11": {
      "n": 7215,
      "mean": 1.9670457585971148,
      "median": -0.338983193317927,
      "win": 47.60914760914761,
      "worst": -46.19289354845643,
      "best": 205.69388402855205,
      "rr": 0.04258329815458908
    },
    "d12": {
      "n": 7115,
      "mean": 1.963072330437621,
      "median": -0.3092812530997647,
      "win": 48.011243851018975,
      "worst": -53.55029585798816,
      "best": 263.07686152859344,
      "rr": 0.03665847777281304
    },
    "d13": {
      "n": 6994,
      "mean": 2.0450075197478057,
      "median": -0.3506745061075611,
      "win": 47.82670860737775,
      "worst": -48.323351466013285,
      "best": 197.2028079403237,
      "rr": 0.04231924023701249
    },
    "d14": {
      "n": 6870,
      "mean": 2.1017434797460313,
      "median": -0.4296513315688423,
      "win": 47.48180494905386,
      "worst": -44.50292308428134,
      "best": 199.69730725478541,
      "rr": 0.047227088336774393
    },
    "d15": {
      "n": 6773,
      "mean": 2.0612816502226012,
      "median": -0.4328900153194512,
      "win": 47.20212608888233,
      "worst": -41.226991992786616,
      "best": 251.0752580045981,
      "rr": 0.04999835182210865
    }
  },
  "us_metrics": {
    "d1": {
      "n": 3662,
      "mean": 1.9354532278869157,
      "median": 1.3263322141797746,
      "win": 54.58765701802294,
      "worst": -55.10879827288403,
      "best": 265.54623066563863,
      "rr": 0.03512058488924162
    },
    "d2": {
      "n": 3878,
      "mean": 1.9719502091377563,
      "median": 1.2257201219131089,
      "win": 54.770500257864875,
      "worst": -75.66878993852932,
      "best": 347.8260752384065,
      "rr": 0.026060284705751207
    },
    "d3": {
      "n": 4027,
      "mean": 2.042638418102801,
      "median": 1.283976663162718,
      "win": 55.227216290042215,
      "worst": -77.96833807528391,
      "best": 381.9718546527789,
      "rr": 0.02619830649885714
    },
    "d4": {
      "n": 4119,
      "mean": 2.1267330555500004,
      "median": 1.343088001620029,
      "win": 55.08618596746783,
      "worst": -73.17647092482623,
      "best": 351.6759894104854,
      "rr": 0.029063072168850297
    },
    "d5": {
      "n": 4160,
      "mean": 2.0234352249119087,
      "median": 1.2932947983844891,
      "win": 54.92788461538461,
      "worst": -70.18867996956399,
      "best": 347.11541018542545,
      "rr": 0.02882851231550919
    },
    "d6": {
      "n": 4158,
      "mean": 1.8687431131792087,
      "median": 1.0376571820537892,
      "win": 53.51130351130351,
      "worst": -65.0473910621955,
      "best": 413.88890250229576,
      "rr": 0.028728947966451066
    },
    "d7": {
      "n": 4184,
      "mean": 1.9025908081621792,
      "median": 0.9533010696348674,
      "win": 53.53728489483748,
      "worst": -65.27220814998557,
      "best": 489.2761241244189,
      "rr": 0.029148558966939127
    },
    "d8": {
      "n": 4125,
      "mean": 1.8959992257306573,
      "median": 0.8451250701604445,
      "win": 53.236363636363635,
      "worst": -61.02771293918025,
      "best": 405.8666483561198,
      "rr": 0.03106784007488853
    },
    "d9": {
      "n": 4076,
      "mean": 1.9173498079633726,
      "median": 0.9193479096079086,
      "win": 53.287536800785084,
      "worst": -61.665718613970164,
      "best": 396.6942181328949,
      "rr": 0.031092637060893723
    },
    "d10": {
      "n": 4040,
      "mean": 1.9269377482103822,
      "median": 0.8457577340650462,
      "win": 53.63861386138614,
      "worst": -66.35565123239118,
      "best": 595.1923350257997,
      "rr": 0.029039542411570172
    },
    "d11": {
      "n": 3996,
      "mean": 2.054463683725355,
      "median": 0.742000202812692,
      "win": 52.95295295295295,
      "worst": -63.939217672727075,
      "best": 740.8407918193551,
      "rr": 0.03213151112109518
    },
    "d12": {
      "n": 3951,
      "mean": 1.9423231278976634,
      "median": 0.568886500286865,
      "win": 52.4930397367755,
      "worst": -60.407661297305694,
      "best": 722.0183269512619,
      "rr": 0.03215358923329639
    },
    "d13": {
      "n": 3889,
      "mean": 1.8499784115646745,
      "median": 0.6698415147656593,
      "win": 52.687066083826174,
      "worst": -57.02864949426035,
      "best": 463.7168064105482,
      "rr": 0.03243945679882996
    },
    "d14": {
      "n": 3840,
      "mean": 1.6840205720772894,
      "median": 0.6611697219184498,
      "win": 52.5,
      "worst": -63.30935387537101,
      "best": 341.0958828051872,
      "rr": 0.026599869829542162
    },
    "d15": {
      "n": 3772,
      "mean": 1.7884234269492953,
      "median": 0.6328584034332431,
      "win": 52.78366914103923,
      "worst": -64.55617739407171,
      "best": 409.37496856786356,
      "rr": 0.027703366263962352
    }
  },
  "config": {
    "tw_adx_th": 22,
    "us_adx_th": 18,
    "hold_days": 30,
    "tw_universe_size": 1058,
    "us_universe_size": 555
  }
}