{
  "tw_metrics": {
    "day0": {
      "n": 10903,
      "mean": 4.8714605326372125,
      "median": 2.0356263156980257,
      "win": 56.82839585435201,
      "worst": -63.672131397685064,
      "rr": 0.0765085199081984
    },
    "day1": {
      "n": 10785,
      "mean": 4.650637066980477,
      "median": 1.9607862019951245,
      "win": 57.38525730180807,
      "worst": -59.70909118652343,
      "rr": 0.07788825745902733
    },
    "day2": {
      "n": 10619,
      "mean": 4.707188618997938,
      "median": 1.913042649264571,
      "win": 56.48366136171015,
      "worst": -55.322579578355956,
      "rr": 0.08508620991418027
    },
    "day3": {
      "n": 10364,
      "mean": 4.452199177578606,
      "median": 1.824550856448801,
      "win": 56.47433423388652,
      "worst": -50.53571378394048,
      "rr": 0.08810005527206882
    },
    "day4": {
      "n": 10155,
      "mean": 4.241115904495079,
      "median": 1.813473550805346,
      "win": 56.31708517971442,
      "worst": -49.02097736795864,
      "rr": 0.08651634733148303
    },
    "day5": {
      "n": 9958,
      "mean": 4.353159886575308,
      "median": 1.8058787125751334,
      "win": 56.69813215505122,
      "worst": -52.65151671181866,
      "rr": 0.08267871769775925
    },
    "day6": {
      "n": 9655,
      "mean": 4.328637792838595,
      "median": 1.9067804419227345,
      "win": 57.006732263076124,
      "worst": -58.174097171734,
      "rr": 0.07440833641234094
    },
    "day7": {
      "n": 9452,
      "mean": 4.441556998684335,
      "median": 2.056595345648736,
      "win": 57.35294117647059,
      "worst": -63.62704651090624,
      "rr": 0.06980611614469662
    },
    "day8": {
      "n": 9274,
      "mean": 4.777445001106544,
      "median": 2.2472048900696273,
      "win": 58.2812163036446,
      "worst": -64.2487042501401,
      "rr": 0.07435862025335907
    },
    "day9": {
      "n": 9105,
      "mean": 4.6498125897159985,
      "median": 2.3297601254853744,
      "win": 58.17682591982427,
      "worst": -61.07692020183143,
      "rr": 0.07613043641281328
    },
    "day10": {
      "n": 8947,
      "mean": 4.813319414725614,
      "median": 2.3985213312334315,
      "win": 59.27126411087515,
      "worst": -57.750757696281674,
      "rr": 0.08334642880426697
    },
    "day11": {
      "n": 8775,
      "mean": 4.602441103552437,
      "median": 2.3287654575222945,
      "win": 58.33618233618234,
      "worst": -61.68367090603374,
      "rr": 0.07461360577199755
    },
    "day12": {
      "n": 8622,
      "mean": 4.389009611535185,
      "median": 2.1934555961486004,
      "win": 58.1767571329158,
      "worst": -62.783507073964216,
      "rr": 0.06990704750476212
    },
    "day13": {
      "n": 8389,
      "mean": 4.2306558720206375,
      "median": 2.0080421398665624,
      "win": 57.83764453450948,
      "worst": -62.843550715674034,
      "rr": 0.06732044615304422
    },
    "day14": {
      "n": 8180,
      "mean": 3.7724552674028557,
      "median": 1.6450303367072796,
      "win": 56.271393643031786,
      "worst": -64.28571647677879,
      "rr": 0.05868263549283981
    },
    "day15": {
      "n": 7984,
      "mean": 3.397093331204708,
      "median": 1.1532850988550143,
      "win": 54.408817635270545,
      "worst": -64.9364417684629,
      "rr": 0.052314128071836295
    },
    "day16": {
      "n": 7767,
      "mean": 3.377959799596631,
      "median": 0.9950268285586564,
      "win": 53.68868288914639,
      "worst": -64.35483581646888,
      "rr": 0.052489603255769415
    },
    "day17": {
      "n": 7589,
      "mean": 3.389952965406141,
      "median": 1.0273973139617771,
      "win": 53.7752009487416,
      "worst": -62.94027657378335,
      "rr": 0.05385983586252885
    },
    "day18": {
      "n": 7450,
      "mean": 3.266762900480449,
      "median": 0.81245788380607,
      "win": 53.127516778523486,
      "worst": -63.030302455034004,
      "rr": 0.05182845033642297
    },
    "day19": {
      "n": 7298,
      "mean": 3.1442222662169206,
      "median": 0.7923160440509815,
      "win": 53.00082214305289,
      "worst": -62.86549717215807,
      "rr": 0.050015070390780854
    },
    "day20": {
      "n": 7112,
      "mean": 2.921400191576885,
      "median": 0.6296004033555034,
      "win": 52.32002249718786,
      "worst": -66.52046889373877,
      "rr": 0.04391731207192169
    },
    "day21": {
      "n": 6952,
      "mean": 2.8782527057584986,
      "median": 0.5169639176489109,
      "win": 52.114499424626004,
      "worst": -69.46902610837587,
      "rr": 0.04143217296969517
    },
    "day22": {
      "n": 6830,
      "mean": 2.9718220428859943,
      "median": 0.7551969387714477,
      "win": 53.04538799414349,
      "worst": -72.34421286202681,
      "rr": 0.041078918759594275
    },
    "day23": {
      "n": 6695,
      "mean": 2.77875975251741,
      "median": 0.7168481688735465,
      "win": 52.63629574309186,
      "worst": -71.21037334306327,
      "rr": 0.03902183940435827
    },
    "day24": {
      "n": 6581,
      "mean": 2.9363548209804087,
      "median": 0.8021364417933549,
      "win": 52.6971584865522,
      "worst": -73.45132674173352,
      "rr": 0.03997687926461964
    },
    "day25": {
      "n": 6480,
      "mean": 3.0697733800035367,
      "median": 0.9345777202122882,
      "win": 53.47222222222222,
      "worst": -70.75332419743152,
      "rr": 0.04338698449612881
    },
    "day26": {
      "n": 6355,
      "mean": 3.043900247291641,
      "median": 0.8438871638485881,
      "win": 53.15499606608969,
      "worst": -67.36842191713744,
      "rr": 0.04518289371592542
    },
    "day27": {
      "n": 6261,
      "mean": 3.0074197377666545,
      "median": 0.8086342024836747,
      "win": 53.07458872384603,
      "worst": -63.77473500721356,
      "rr": 0.04715691468457667
    },
    "day28": {
      "n": 6141,
      "mean": 2.895168879533756,
      "median": 0.6700129079896948,
      "win": 52.499592900179124,
      "worst": -63.800902916336035,
      "rr": 0.04537818035789046
    },
    "day29": {
      "n": 6046,
      "mean": 2.830284705141831,
      "median": 0.7302211433935653,
      "win": 52.44789943764472,
      "worst": -65.55891336902714,
      "rr": 0.043171623196533636
    },
    "day30": {
      "n": 5934,
      "mean": 2.6758673532852693,
      "median": 0.5517417415544461,
      "win": 51.9211324570273,
      "worst": -67.58832559219717,
      "rr": 0.039590673830721276
    },
    "dd_15_20": {
      "n": 225454,
      "mean": 3.3018002321793434,
      "median": 0.9901019492553012,
      "win": 53.67037178315754,
      "worst": -73.45132674173352,
      "rr": 0.04495222045190545
    },
    "dd_20_30": {
      "n": 20637,
      "mean": 7.023228132421344,
      "median": 4.830903712084407,
      "win": 67.05431991083975,
      "worst": -49.79079318766077,
      "rr": 0.14105475496144237
    },
    "dd_30_50": {
      "n": 5957,
      "mean": 12.451278855469747,
      "median": 9.252665536587154,
      "win": 82.40725197246937,
      "worst": -46.8954185703186,
      "rr": 0.26551162640332
    },
    "dd_50plus": {
      "n": 610,
      "mean": 23.898718225541902,
      "median": 6.352412201387436,
      "win": 64.59016393442623,
      "worst": -53.757226973977566,
      "rr": 0.44456754134863824
    },
    "dd_T1": {
      "n": 173928,
      "mean": 3.8243182939179654,
      "median": 1.8796992211635961,
      "win": 57.76815693850329,
      "worst": -64.9364417684629,
      "rr": 0.058893252998892955
    },
    "dd_T1_bull": {
      "n": 1839,
      "mean": 8.04348810964361,
      "median": 2.477369867278352,
      "win": 58.18379554105492,
      "worst": -35.92493268797791,
      "rr": 0.22389709618955866
    },
    "dd_RSI_30": {
      "n": 20556,
      "mean": 5.6007567127768905,
      "median": 3.5006931707245785,
      "win": 64.16131543101771,
      "worst": -59.70909118652343,
      "rr": 0.09380073622760152
    },
    "dd_RSI_50": {
      "n": 192944,
      "mean": 3.600395093470225,