{
  "feature_importance": {
    "ema20_gap_pct": 0.16769095549254995,
    "atr_pct": 0.13759746893467165,
    "price_60d_chg": 0.1165992268391238,
    "adx_chg_5d": 0.10823267880947328,
    "vol_ratio": 0.08448832725981867,
    "drawdown_60d": 0.07880924690294479,
    "adx": 0.0743687973696477,
    "ema20_chg_5d": 0.06052171022051116,
    "rsi": 0.0593810743887223,
    "ema60_atr_dist": 0.04628621200495599,
    "rsi_chg_5d": 0.04577382569803745,
    "cross_days": 0.020250476079543323
  },
  "train_r2": 0.048915247065549394,
  "test_r2": 0.02588290350423028,
  "mae": 10.383044505807458,
  "baseline_mae": 10.194324631084125,
  "mae_improve_pct": -1.851224887893953,
  "n_train": 134386,
  "n_test": 57595
}