{
  "TSM ADR ↔ 台積電": {
    "<-3%": {
      "n": 101,
      "avg_gap": -1.9708617979759633,
      "avg_full": -1.9274806178197765,
      "gap_ratio": 0.4755045815594929,
      "full_ratio": 0.46503811965997816,
      "chase_prob": 0.0
    },
    "-3~-1.5%": {
      "n": 197,
      "avg_gap": -0.7796998428084851,
      "avg_full": -0.711448586521624,
      "gap_ratio": 0.3630643267175197,
      "full_ratio": 0.3312833835251268,
      "chase_prob": 0.0
    },
    "-1.5~-0.5%": {
      "n": 226,
      "avg_gap": -0.2587767093061037,
      "avg_full": -0.2572667836898436,
      "gap_ratio": 0.26741384269190227,
      "full_ratio": 0.2658535206200058,
      "chase_prob": 0.0
    },
    "-0.5~+0.5%": {
      "n": 291,
      "avg_gap": 0.09695281299991662,
      "avg_full": 0.1428366451447119,
      "gap_ratio": -4.31192328302079,
      "full_ratio": -6.352581599345564,
      "chase_prob": 0.0
    },
    "+0.5~+1.5%": {
      "n": 252,
      "avg_gap": 0.5615789728705709,
      "avg_full": 0.5017000775085442,
      "gap_ratio": 0.5797976858233214,
      "full_ratio": 0.5179762027590661,
      "chase_prob": 41.66666666666667
    },
    "+1.5~+3%": {
      "n": 206,
      "avg_gap": 0.9048177494413061,
      "avg_full": 0.8472654176211518,
      "gap_ratio": 0.4135734591320814,
      "full_ratio": 0.38726747987087046,
      "chase_prob": 45.63106796116505
    },
    ">+3%": {
      "n": 132,
      "avg_gap": 2.323475020928796,
      "avg_full": 2.026505930386042,
      "gap_ratio": 0.48848284552898574,
      "full_ratio": 0.4260486445688692,
      "chase_prob": 36.36363636363637
    }
  },
  "AMD ↔ 聯電": {
    "<-3%": {
      "n": 190,
      "avg_gap": -1.0876415039419383,
      "avg_full": -0.992623146474734,
      "gap_ratio": 0.22571531771496076,
      "full_ratio": 0.20599641340068717,
      "chase_prob": 0.0
    },
    "-3~-1.5%": {
      "n": 185,
      "avg_gap": -0.25457008391314934,
      "avg_full": -0.10020595560051539,
      "gap_ratio": 0.1162128978859875,
      "full_ratio": 0.045744670020784715,
      "chase_prob": 0.0
    },
    "-1.5~-0.5%": {
      "n": 192,
      "avg_gap": 0.09934150926186515,
      "avg_full": -0.12216066854405305,
      "gap_ratio": -0.10432885605614223,
      "full_ratio": 0.12829362971181546,
      "chase_prob": 0.0
    },
    "-0.5~+0.5%": {
      "n": 241,
      "avg_gap": 0.37244158742017464,
      "avg_full": 0.28384259400053014,
      "gap_ratio": -15.128382645614412,
      "full_ratio": -11.529537834128545,
      "chase_prob": 0.0
    },
    "+0.5~+1.5%": {
      "n": 169,
      "avg_gap": 0.5988288915545656,
      "avg_full": 0.4127921884316044,
      "gap_ratio": 0.5919689249961682,
      "full_ratio": 0.40806339085996873,
      "chase_prob": 39.64497041420118
    },
    "+1.5~+3%": {
      "n": 207,
      "avg_gap": 0.6785496944952317,
      "avg_full": 0.49640952534374877,
      "gap_ratio": 0.30969719349975916,
      "full_ratio": 0.22656651100531428,
      "chase_prob": 41.54589371980676
    },
    ">+3%": {
      "n": 221,
      "avg_gap": 1.1164122952790427,
      "avg_full": 0.8295512665748934,
      "gap_ratio": 0.2080044871467542,
      "full_ratio": 0.15455794108996518,
      "chase_prob": 40.723981900452486
    }
  },
  "Intel ↔ 聯電": {
    "<-3%": {
      "n": 136,
      "avg_gap": -0.881024921669815,
      "avg_full": -0.39162560421945447,
      "gap_ratio": 0.17118435722013134,
      "full_ratio": 0.07609339495435723,
      "chase_prob": 0.0
    },
    "-3~-1.5%": {
      "n": 190,
      "avg_gap": -0.5473598147328327,
      "avg_full": -0.5462434861120471,
      "gap_ratio": 0.253185985634941,
      "full_ratio": 0.25266961823905526,
      "chase_prob": 0.0
    },
    "-1.5~-0.5%": {
      "n": 224,
      "avg_gap": -0.0935639062310136,
      "avg_full": -0.15435391666736084,
      "gap_ratio": 0.09906400925568709,
      "full_ratio": 0.16342752718802703,
      "chase_prob": 0.0
    },
    "-0.5~+0.5%": {
      "n": 280,
      "avg_gap": 0.35056123588468446,
      "avg_full": 0.15709457713445,
      "gap_ratio": 0.0,
      "full_ratio": 0.0,
      "chase_prob": 0.0
    },
    "+0.5~+1.5%": {
      "n": 238,
      "avg_gap": 0.6705108313897427,
      "avg_full": 0.46454873806629193,
      "gap_ratio": 0.6851474679578938,
      "full_ratio": 0.4746894110113906,
      "chase_prob": 39.49579831932773
    },
    "+1.5~+3%": {
      "n": 189,
      "avg_gap": 0.868823648613104,
      "avg_full": 0.7240742124576666,
      "gap_ratio": 0.40186583840659257,
      "full_ratio": 0.33491340955369187,
      "chase_prob": 41.269841269841265
    },
    ">+3%": {
      "n": 148,
      "avg_gap": 1.1236709689140223,
      "avg_full": 0.634376440123138,
      "gap_ratio": 0.20796401588155938,
      "full_ratio": 0.1174075647750848,
      "chase_prob": 38.513513513513516
    }
  },
  "NVIDIA ↔ 台積電": {
    "<-3%": {
      "n": 181,
      "avg_gap": -1.3986950644355625,
      "avg_full": -1.35268229959921,
      "gap_ratio": 0.2980086191254974,
      "full_ratio": 0.28820505231548577,
      "chase_prob": 0.0
    },
    "-3~-1.5%": {
      "n": 167,
      "avg_gap": -0.3368060662447583,
      "avg_full": -0.5961889837033204,
      "gap_ratio": 0.15303770652345994,
      "full_ratio": 0.27089593645918647,
      "chase_prob": 0.0
    },
    "-1.5~-0.5%": {
      "n": 194,
      "avg_gap": -0.06880497518885918,
      "avg_full": 0.006042506390754378,
      "gap_ratio": 0.07115392296500485,
      "full_ratio": -0.006248792809867958,
      "chase_prob": 0.0
    },
    "-0.5~+0.5%": {
      "n": 209,
      "avg_gap": 0.1508686367519318,
      "avg_full": 0.2450607174182685,
      "gap_ratio": 3.491992855213962,
      "full_ratio": 5.672154880840361,
      "chase_prob": 46.889952153110045
    },
    "+0.5~+1.5%": {
      "n": 209,
      "avg_gap": 0.36538535326396865,
      "avg_full": 0.46732704833718103,
      "gap_ratio": 0.3780152013831497,
      "full_ratio": 0.48348059578991576,
      "chase_prob": 49.282296650717704
    },
    "+1.5~+3%": {
      "n": 219,
      "avg_gap": 0.918964653910004,
      "avg_full": 0.7980824854809472,
      "gap_ratio": 0.42118009595002487,
      "full_ratio": 0.365777352132869,
      "chase_prob": 42.00913242009132
    },
    ">+3%": {
      "n": 226,
      "avg_gap": 1.1738456803300108,
      "avg_full": 1.0469638847548934,
      "gap_ratio": 0.23533616385188375,
      "full_ratio": 0.20989851430932008,
      "chase_prob": 41.150442477876105
    }
  },
  "NVIDIA ↔ 聯發科": {
    "<-3%": {
      "n": 181,
      "avg_gap": -1.3349619160794661,
      "avg_full": -1.1636310433615,
      "gap_ratio": 0.2844295138458307,
      "full_ratio": 0.24792543365673553,
      "chase_prob": 0.0
    },
    "-3~-1.5%": {
      "n": 167,
      "avg_gap": -0.33277469357542205,
      "avg_full": -0.4265995635729751,
      "gap_ratio": 0.15120593420909717,
      "full_ratio": 0.19383801349252894,
      "chase_prob": 0.0
    },
    "-1.5~-0.5%": {
      "n": 194,
      "avg_gap": 0.20650831656187732,
      "avg_full": 0.2753554341439843,
      "gap_ratio": -0.21355834818549382,
      "full_ratio": -0.2847558522519304,
      "chase_prob": 0.0
    },
    "-0.5~+0.5%": {
      "n": 209,
      "avg_gap": 0.37924320378055654,
      "avg_full": 0.32609381532147147,
      "gap_ratio": 8.77793149392396,
      "full_ratio": 7.547740191385132,
      "chase_prob": 41.62679425837321
    },
    "+0.5~+1.5%": {
      "n": 209,
      "avg_gap": 0.42962132972612,
      "avg_full": 0.36275918914065464,
      "gap_ratio": 0.4444715477075767,
      "full_ratio": 0.37529826171637937,
      "chase_prob": 39.71291866028708
    },
    "+1.5~+3%": {
      "n": 219,
      "avg_gap": 0.7931841697853984,
      "avg_full": 0.43040065095669233,
      "gap_ratio": 0.3635323549331761,
      "full_ratio": 0.19726132740318167,
      "chase_prob": 36.07305936073059
    },
    ">+3%": {
      "n": 226,
      "avg_gap": 1.153905559189982,
      "avg_full": 0.935435659332147,
      "gap_ratio": 0.23133850752067253,