{
  "tw_mode": "P5_T1T3+POS+IND+DXY+VWAPEXEC",
  "us_mode": "P10_T1T3+POS+ADX18",
  "tx_cost_tw": 0.4275,
  "tx_cost_us": 0.1,
  "min_adv_us": 104000000,
  "summaries": {
    "TW|FULL  (2020.1-2026.4)": {
      "n_stocks": 1042,
      "gross_total": 157.145329860327,
      "net_total": 151.74947573364753,
      "gross_cagr": 16.132123210280657,
      "net_cagr": 15.74278794282964,
      "sharpe_proxy": 0.08942022368401717,
      "avg_trades": 12.621880998080615,
      "cost_drag_total": 5.395854126679462,
      "worst_stock": -112.19091845978267,
      "cross_section_std": 477.9768443952399,
      "win_rate": 84.06909788867563
    },
    "US|FULL  (2020.1-2026.4)": {
      "n_stocks": 555,
      "gross_total": 112.35445754778299,
      "net_total": 110.463466556792,
      "gross_cagr": 12.665417644935339,
      "net_cagr": 12.505949481517597,
      "sharpe_proxy": 0.030892847602915274,
      "avg_trades": 18.90990990990991,
      "cost_drag_total": 1.890990990990991,
      "worst_stock": -158.49948889155704,
      "cross_section_std": 1044.1313100888185,
      "win_rate": 64.86486486486487
    },
    "TW|TRAIN (2020.1-2024.5)": {
      "n_stocks": 992,
      "gross_total": 115.11569406114113,
      "net_total": 111.3604168433992,
      "gross_cagr": 18.952242839756472,
      "net_cagr": 18.4785549109574,
      "sharpe_proxy": 0.12506786746830342,
      "avg_trades": 8.784274193548388,
      "cost_drag_total": 3.7552772177419356,
      "worst_stock": -135.51323419493986,
      "cross_section_std": 342.71169114483064,
      "win_rate": 86.29032258064517
    },
    "US|TRAIN (2020.1-2024.5)": {
      "n_stocks": 546,
      "gross_total": 71.49419140311826,
      "net_total": 70.26195697088383,
      "gross_cagr": 12.99865365808861,
      "net_cagr": 12.814184085509538,
      "sharpe_proxy": 0.026956999769362586,
      "avg_trades": 12.322344322344323,
      "cost_drag_total": 1.2322344322344323,
      "worst_stock": -150.82222334628938,
      "cross_section_std": 1031.6098291973378,
      "win_rate": 58.97435897435898
    },
    "TW|TEST  (2024.6-2026.4)": {
      "n_stocks": 1028,
      "gross_total": 39.34507466221265,
      "net_total": 37.725731276998644,
      "gross_cagr": 19.094694047334837,
      "net_cagr": 18.36372504797321,
      "sharpe_proxy": 0.14397655949982333,
      "avg_trades": 3.7879377431906613,
      "cost_drag_total": 1.6193433852140078,
      "worst_stock": -64.3542670308545,
      "cross_section_std": 196.89554417016467,
      "win_rate": 56.22568093385214
    },
    "US|TEST  (2024.6-2026.4)": {
      "n_stocks": 555,
      "gross_total": 49.541614450397546,
      "net_total": 48.88647931526241,
      "gross_cagr": 23.607948296583658,
      "net_cagr": 23.322435320051603,
      "sharpe_proxy": 0.07676346056424896,
      "avg_trades": 6.551351351351351,
      "cost_drag_total": 0.6551351351351351,
      "worst_stock": -99.88562666693497,
      "cross_section_std": 466.79407404506617,
      "win_rate": 55.31531531531532
    }
  },
  "benchmarks": {
    "FULL  (2020.1-2026.4)": {
      "TWII": 221.74258318125925,
      "SPY": 149.86524865796036,
      "days": 2305
    },
    "TRAIN (2020.1-2024.5)": {
      "TWII": 74.98661113340347,
      "SPY": 84.56933988023457,
      "days": 1611
    },
    "TEST  (2024.6-2026.4)": {
      "TWII": 80.77184711713376,
      "SPY": 35.26715023749708,
      "days": 693
    }
  }
}