{
  "TW|\ud83d\ude80 \u9032\u653b (P0_T1T3)|FULL  (2020.1-2026.4)": {
    "n": 1050,
    "mean": 227.69891901370738,
    "median": 49.738040922892566,
    "win": 62.66666666666667,
    "worst": -290.51375598925574,
    "rr": 0.7837801629680095
  },
  "TW|\ud83d\ude80 \u9032\u653b (P0_T1T3)|TEST  (2024.6-2026.4)": {
    "n": 1047,
    "mean": 42.04752690173283,
    "median": -12.518382347348773,
    "win": 32.76026743075454,
    "worst": -187.66670338667956,
    "rr": 0.22405427357614752
  },
  "TW|\u2696\ufe0f \u5e73\u8861 (POS)|FULL  (2020.1-2026.4)": {
    "n": 1050,
    "mean": 161.63622491407276,
    "median": 25.18223134152379,
    "win": 63.523809523809526,
    "worst": -166.43015862798515,
    "rr": 0.9711955227740419
  },
  "TW|\u2696\ufe0f \u5e73\u8861 (POS)|TEST  (2024.6-2026.4)": {
    "n": 1047,
    "mean": 15.828807392533479,
    "median": -7.954036676510831,
    "win": 35.62559694364852,
    "worst": -175.97342260029086,
    "rr": 0.08994998880306665
  },
  "TW|\ud83c\udf0a \u4fdd\u5b88 (POS+DXY)|FULL  (2020.1-2026.4)": {
    "n": 1042,
    "mean": 140.38670243032453,
    "median": 26.50226593670594,
    "win": 66.12284069097889,
    "worst": -122.24877343969112,
    "rr": 1.1483690059236575
  },
  "TW|\ud83c\udf0a \u4fdd\u5b88 (POS+DXY)|TEST  (2024.6-2026.4)": {
    "n": 1032,
    "mean": 27.62755213596175,
    "median": -5.3208019137490625,
    "win": 38.468992248062015,
    "worst": -139.5818772697433,
    "rr": 0.19793079643549458
  },
  "TW|\ud83d\udee1\ufe0f \u6975\u81f4\u98a8\u63a7 (IND+DXY)|FULL  (2020.1-2026.4)": {
    "n": 1042,
    "mean": 142.3924074187134,
    "median": 26.039986944603577,
    "win": 66.79462571976967,
    "worst": -118.69687546593828,
    "rr": 1.1996306293637433
  },
  "TW|\ud83d\udee1\ufe0f \u6975\u81f4\u98a8\u63a7 (IND+DXY)|TEST  (2024.6-2026.4)": {
    "n": 1028,
    "mean": 31.1807754910027,
    "median": -3.7103571575885352,
    "win": 41.14785992217899,
    "worst": -139.5818772697433,
    "rr": 0.22338699049551794
  },
  "TW|\ud83d\udedf \u8d85\u4f4e\u98a8\u96aa (\u4e94\u91cd\u4fdd\u8b77)|FULL  (2020.1-2026.4)": {
    "n": 1039,
    "mean": 99.95470275152829,
    "median": 20.450846981489068,
    "win": 66.69874879692011,
    "worst": -88.29122273175976,
    "rr": 1.132102372794221
  },
  "TW|\ud83d\udedf \u8d85\u4f4e\u98a8\u96aa (\u4e94\u91cd\u4fdd\u8b77)|TEST  (2024.6-2026.4)": {
    "n": 1007,
    "mean": 27.02590111580148,
    "median": -3.129022746274797,
    "win": 42.3038728897716,
    "worst": -111.94079595879707,
    "rr": 0.24143031040934457
  },
  "TW|\ud83e\udd16 RL \u667a\u80fd\u52a0\u78bc|FULL  (2020.1-2026.4)": {
    "n": 1050,
    "mean": 176.25401002622988,
    "median": 47.70737756510164,
    "win": 64.76190476190476,
    "worst": -227.80853205015413,
    "rr": 0.7736936296460835
  },
  "TW|\ud83e\udd16 RL \u667a\u80fd\u52a0\u78bc|TEST  (2024.6-2026.4)": {
    "n": 1047,
    "mean": 29.167233796665375,
    "median": -9.947882958895459,
    "win": 34.57497612225406,
    "worst": -152.4963702508838,
    "rr": 0.19126510190819662
  },
  "TW|\u2b50 TW \u6700\u4f73 P5+VWAPEXEC|FULL  (2020.1-2026.4)": {
    "n": 1042,
    "mean": 157.145329860327,
    "median": 57.309572592308655,
    "win": 84.06909788867563,
    "worst": -112.19091845978267,
    "rr": 1.4006956357760743
  },
  "TW|\u2b50 TW \u6700\u4f73 P5+VWAPEXEC|TEST  (2024.6-2026.4)": {
    "n": 1028,
    "mean": 39.34507466221265,
    "median": 2.2924357844245282,
    "win": 56.22568093385214,
    "worst": -64.3542670308545,
    "rr": 0.6113825310658694
  },
  "TW|\u2b50 US \u6700\u4f73 P10+POS+ADX18|FULL  (2020.1-2026.4)": {
    "n": 1050,
    "mean": 120.21376856132366,
    "median": 41.58793668653616,
    "win": 75.04761904761905,
    "worst": -130.9078098722486,
    "rr": 0.9183086072453497
  },
  "TW|\u2b50 US \u6700\u4f73 P10+POS+ADX18|TEST  (2024.6-2026.4)": {
    "n": 1049,
    "mean": 16.92192237636939,
    "median": -5.2647251794624985,
    "win": 40.70543374642517,
    "worst": -106.3892367799915,
    "rr": 0.15905671371027144
  },
  "US|\ud83d\ude80 \u9032\u653b (P0_T1T3)|FULL  (2020.1-2026.4)": {
    "n": 555,
    "mean": 137.37260417593583,
    "median": 7.485080961707796,
    "win": 54.234234234234236,
    "worst": -319.4118496955031,
    "rr": 0.43007986180504515
  },
  "US|\ud83d\ude80 \u9032\u653b (P0_T1T3)|TEST  (2024.6-2026.4)": {
    "n": 555,
    "mean": 57.823763265293806,
    "median": -8.54211536666635,
    "win": 40.0,
    "worst": -178.39758289860126,
    "rr": 0.32412862509555435
  },
  "US|\u2696\ufe0f \u5e73\u8861 (POS)|FULL  (2020.1-2026.4)": {
    "n": 555,
    "mean": 107.38540800816244,
    "median": 4.657501763141107,
    "win": 55.4954954954955,
    "worst": -221.84477789629778,
    "rr": 0.4840565057535868
  },
  "US|\u2696\ufe0f \u5e73\u8861 (POS)|TEST  (2024.6-2026.4)": {
    "n": 555,
    "mean": 44.76755856935953,
    "median": -3.3659549675760227,
    "win": 44.32432432432433,
    "worst": -131.18282518603664,
    "rr": 0.3412608205828203
  },
  "US|\ud83c\udf0a \u4fdd\u5b88 (POS+DXY)|FULL  (2020.1-2026.4)": null,
  "US|\ud83c\udf0a \u4fdd\u5b88 (POS+DXY)|TEST  (2024.6-2026.4)": null,
  "US|\ud83d\udee1\ufe0f \u6975\u81f4\u98a8\u63a7 (IND+DXY)|FULL  (2020.1-2026.4)": null,
  "US|\ud83d\udee1\ufe0f \u6975\u81f4\u98a8\u63a7 (IND+DXY)|TEST  (2024.6-2026.4)": null,
  "US|\ud83d\udedf \u8d85\u4f4e\u98a8\u96aa (\u4e94\u91cd\u4fdd\u8b77)|FULL  (2020.1-2026.4)": null,
  "US|\ud83d\udedf \u8d85\u4f4e\u98a8\u96aa (\u4e94\u91cd\u4fdd\u8b77)|TEST  (2024.6-2026.4)": null,
  "US|\ud83e\udd16 RL \u667a\u80fd\u52a0\u78bc|FULL  (2020.1-2026.4)": {
    "n": 555,
    "mean": 122.5823529406594,
    "median": 9.51958911556019,
    "win": 55.31531531531532,
    "worst": -257.96831208770766,
    "rr": 0.4751837617132687
  },
  "US|\ud83e\udd16 RL \u667a\u80fd\u52a0\u78bc|TEST  (2024.6-2026.4)": {
    "n": 555,
    "mean": 46.62679691655142,
    "median": -4.842739399187589,
    "win": 43.06306306306306,
    "worst": -144.00413463160783,
    "rr": 0.32378790397812085
  },
  "US|\u2b50 TW \u6700\u4f73 P5+VWAPEXEC|FULL  (2020.1-2026.4)": null,
  "US|\u2b50 TW \u6700\u4f73 P5+VWAPEXEC|TEST  (2024.6-2026.4)": null,
  "US|\u2b50 US \u6700\u4f73 P10+POS+ADX18|FULL  (2020.1-2026.4)": {
    "n": 555,
    "mean": 112.35445754778299,
    "median": 17.99298165340291,
    "win": 64.86486486486487,
    "worst": -158.49948889155704,
    "rr": 0.7088632167429525
  },
  "US|\u2b50 US \u6700\u4f73 P10+POS+ADX18|TEST  (2024.6-2026.4)": {
    "n": 555,
    "mean": 49.541614450397546,
    "median": 3.229329869200872,
    "win": 55.31531531531532,
    "worst": -99.88562666693497,
    "rr": 0.4959834172697567
  }
}