{
  "tw_metrics": {
    "A0_baseline_T1": {
      "n": 69534,
      "mean": 1.9489561892535998,
      "median": -0.4878060351666439,
      "win": 46.85333793539851,
      "worst": -51.573848984353,
      "rr": 0.03778962066307857
    },
    "B3_ADX<25": {
      "n": 15572,
      "mean": 2.429656854072964,
      "median": 0.0,
      "win": 49.24865142563576,
      "worst": -46.42856152106579,
      "rr": 0.052331081870166676
    },
    "C3_RSI\u504f\u71b1(60-70)": {
      "n": 27124,
      "mean": 1.8779492875682524,
      "median": -0.4328954851597993,
      "win": 47.179619525143785,
      "worst": -51.573848984353,
      "rr": 0.036412820151119685
    },
    "D1_close>EMA5": {
      "n": 45932,
      "mean": 2.247041613123549,
      "median": -0.4357308306563168,
      "win": 47.24810589567186,
      "worst": -51.573848984353,
      "rr": 0.043569399169824996
    },
    "D2_EMA5>EMA20": {
      "n": 68091,
      "mean": 1.9684386609080635,
      "median": -0.4872239714028447,
      "win": 46.8681617247507,
      "worst": -51.573848984353,
      "rr": 0.03816737939232087
    },
    "D3_EMA20\u4e0a\u5347": {
      "n": 68037,
      "mean": 1.9622466839380313,
      "median": -0.48544362087020715,
      "win": 46.87449476020401,
      "worst": -51.573848984353,
      "rr": 0.03804731899171143
    },
    "E2_\u8dddEMA60>0.5ATR(\u6709buffer)": {
      "n": 61295,
      "mean": 2.0383025934105756,
      "median": -0.4854346585567588,
      "win": 46.97446773798842,
      "worst": -51.573848984353,
      "rr": 0.03952201810706385
    },
    "F1_\u4f4e\u6ce2\u52d5(ATR<3%)": {
      "n": 40024,
      "mean": 1.734784627184587,
      "median": 0.0,
      "win": 49.08804717169698,
      "worst": -43.518521114905454,
      "rr": 0.03986313373572819
    },
    "G1_\u5927\u76e4\u591a\u982d": {
      "n": 52343,
      "mean": 1.95378787770587,
      "median": -0.49504418908006464,
      "win": 46.91553789427431,
      "worst": -51.573848984353,
      "rr": 0.037883305515914276
    },
    "H1_\u63a5\u8fd160d\u9ad8\u9ede(<5%)": {
      "n": 49085,
      "mean": 1.8814840013102931,
      "median": -0.34889740859564256,
      "win": 47.574615462972396,
      "worst": -51.573848984353,
      "rr": 0.03648135709012366
    },
    "I1_RSI\u4e0a\u5347\u4e2d": {
      "n": 32837,
      "mean": 2.1973971050054453,
      "median": -0.5076082730996749,
      "win": 47.038401802844355,
      "worst": -51.573848984353,
      "rr": 0.04260680845581477
    },
    "I2_ADX\u4e0a\u5347\u4e2d": {
      "n": 58154,
      "mean": 1.977635043833354,
      "median": -0.5533715936939732,
      "win": 46.71561715445197,
      "worst": -47.75862142635108,
      "rr": 0.04140896417797737
    },
    "J1_Day1-5(\u65e9\u671f)": {
      "n": 32956,
      "mean": 1.905959575102951,
      "median": -0.6031356683310694,
      "win": 46.413399684427716,
      "worst": -47.75862142635108,
      "rr": 0.03990817821327078
    },
    "B1_ADX25+": {
      "n": 53962,
      "mean": 1.810238744522731,
      "median": -0.6644568295295457,
      "win": 46.16211408027871,
      "worst": -51.573848984353,
      "rr": 0.03509993495098533
    },
    "E3_\u8dddEMA60>3ATR(\u904e\u5ea6\u5ef6\u4f38)": {
      "n": 16265,
      "mean": 2.4995369911222207,
      "median": -0.6072855191763972,
      "win": 47.13802643713495,
      "worst": -47.75862142635108,
      "rr": 0.052336874819068534
    },
    "\u2605_\u65e9\u9ce5+ADX25+EMA20\u5347": {
      "n": 23848,
      "mean": 1.6562925977455776,
      "median": -0.8228106435547655,
      "win": 45.29939617577994,
      "worst": -47.75862142635108,
      "rr": 0.034680494291481144
    },
    "B2_ADX30+_\u98c6\u80a1": {
      "n": 31301,
      "mean": 1.5305827900417022,
      "median": -0.9433956882239495,
      "win": 44.84840739912463,
      "worst": -51.573848984353,
      "rr": 0.029677497805255255
    },
    "J2_Day6-10(\u5f8c\u671f)": {
      "n": 36578,
      "mean": 1.9876952240818788,
      "median": -0.42016115897275075,
      "win": 47.2497129422057,
      "worst": -51.573848984353,
      "rr": 0.03854075783028965
    },
    "E1_\u8dddEMA60<1.5ATR(\u4e0d\u5ef6\u4f38)": {
      "n": 23070,
      "mean": 1.680147705901824,
      "median": -0.4981723810729699,
      "win": 46.32856523623754,
      "worst": -51.573848984353,
      "rr": 0.03257751242129639
    },
    "C2_RSI\u4e2d\u6027(50-60)": {
      "n": 22619,
      "mean": 1.8365366252048043,
      "median": -0.4872239714028447,
      "win": 46.56262434236704,
      "worst": -49.55527026379868,
      "rr": 0.03706036947086208
    },
    "\u2605_RSI<60+\u63a5\u8fd1\u9ad8\u9ede": {
      "n": 12210,
      "mean": 1.4496430294864175,
      "median": -0.20506306644062863,
      "win": 47.72317772317772,
      "worst": -46.42856152106579,
      "rr": 0.031223087297862516
    },
    "G2_\u5927\u76e4\u7a7a\u982d": {
      "n": 17191,
      "mean": 1.934244708324208,
      "median": -0.47318686130681303,
      "win": 46.663952067942525,
      "worst": -47.570330434748676,
      "rr": 0.04066073728408036
    },
    "\u2605_ADX25+RSI<60+EMA5>20": {
      "n": 17735,
      "mean": 1.5627815159893157,
      "median": -0.6791109581609347,
      "win": 45.49196504087962,
      "worst": -49.55527026379868,
      "rr": 0.031536131428002025
    },
    "C4_RSI\u904e\u71b1(\u226570)": {
      "n": 15914,
      "mean": 2.4748588696093896,
      "median": -0.6342488621812788,
      "win": 46.99635541033052,
      "worst": -47.75862142635108,
      "rr": 0.051820148817023286
    },
    "\u2605_ADX30+RSI50-70+\u4e0d\u5ef6\u4f38": {
      "n": 11585,
      "mean": 1.0163280323010924,
      "median": -1.0988993040272887,
      "win": 42.865774708675005,
      "worst": -51.573848984353,
      "rr": 0.019706266883618408
    },
    "C1_RSI\u62c9\u56de(30-50)": {
      "n": 3874,
      "mean": 0.938230968315318,
      "median": -0.5641776592142188,
      "win": 45.63758389261745,
      "worst": -34.573306947660484,
      "rr": 0.027137437842890712
    },
    "F2_\u4e2d\u6ce2\u52d5(ATR3-5%)": {
      "n": 25941,
      "mean": 2.199987377979085,
      "median": -1.6847269714110706,
      "win": 43.93431247831618,
      "worst": -51.573848984353,
      "rr": 0.0426570329983814
    },
    "H2_\u5f9e\u9ad8\u9ede\u8dcc\u226515%(\u7591\u63a5\u5200)": {
      "n": 1646,
      "mean": 1.6447188606077752,
      "median": -1.1729406441040953,
      "win": 46.47630619684083,
      "worst": -43.518521114905454,
      "rr": 0.03779353752084295
    },
    "F3_\u9ad8\u6ce2\u52d5(ATR\u22655%)": {
      "n": 3569,
      "mean": 2.526149390016382,
      "median": -2.4518336943476213,
      "win": 43.009246287475484,
      "worst": -49.55527026379868,
      "rr": 0.050976402238730095
    }
  },
  "us_metrics": {}
}