{
  "SPX_TWII": {
    "lag_0": {
      "corr": 0.12863698893318576,
      "n": 1477
    },
    "lag_1": {
      "corr": 0.4266834528845702,
      "n": 1476
    },
    "lag_2": {
      "corr": 0.05122038365519766,
      "n": 1475
    }
  },
  "SOX_TWII": {
    "lag_0": {
      "corr": 0.12773764350833536,
      "n": 1477
    },
    "lag_1": {
      "corr": 0.4862091295947511,
      "n": 1476
    },
    "lag_2": {
      "corr": 0.07890020488759038,
      "n": 1475
    }
  },
  "VIX_TWII": {
    "lag_0": {
      "corr": -0.09930140168727547,
      "n": 1477
    },
    "lag_1": {
      "corr": -0.39489129802656703,
      "n": 1476
    },
    "lag_2": {
      "corr": -0.08311680753913561,
      "n": 1475
    }
  },
  "SPX_spillover": {
    "<-2%": {
      "n": 58,
      "mean": -1.354577909653747,
      "median": -1.2402687145943114,
      "win": 15.517241379310345
    },
    "-2~-0.5%": {
      "n": 306,
      "mean": -0.5968463149464698,
      "median": -0.4229591626515372,
      "win": 29.08496732026144
    },
    "-0.5~0.5%": {
      "n": 646,
      "mean": 0.10135535370878102,
      "median": 0.10516241391579362,
      "win": 56.5015479876161
    },
    "0.5~2%": {
      "n": 413,
      "mean": 0.6066853325308219,
      "median": 0.5751927810493829,
      "win": 74.09200968523002
    },
    ">2%": {
      "n": 53,
      "mean": 1.1713984848995314,
      "median": 1.0524076979817165,
      "win": 83.01886792452831
    }
  },
  "SOX_spillover": {
    "<-2%": {
      "n": 213,
      "mean": -1.0747197577212397,
      "median": -0.8538685839082238,
      "win": 17.370892018779344
    },
    "-2~-0.5%": {
      "n": 316,
      "mean": -0.1837991517265962,
      "median": -0.10907661008794367,
      "win": 43.67088607594937
    },
    "-0.5~0.5%": {
      "n": 307,
      "mean": 0.0999620030644596,
      "median": 0.08482442253172628,
      "win": 55.37459283387622
    },
    "0.5~2%": {
      "n": 369,
      "mean": 0.43911218658922063,
      "median": 0.3678035840101179,
      "win": 70.18970189701898
    },
    ">2%": {
      "n": 271,
      "mean": 0.7793185902039006,
      "median": 0.7177899118900877,
      "win": 77.12177121771218
    }
  },
  "SPX_gap": {
    "<-2%": {
      "n": 58,
      "mean_gap": -0.8602453197128688,
      "gap_up_prob": 5.172413793103448
    },
    "-2~-0.5%": {
      "n": 306,
      "mean_gap": -0.27430274153051043,
      "gap_up_prob": 24.509803921568626
    },
    "-0.5~0.5%": {
      "n": 646,
      "mean_gap": 0.060512906021237295,
      "gap_up_prob": 59.907120743034056
    },
    "0.5~2%": {
      "n": 413,
      "mean_gap": 0.39187643603900224,
      "gap_up_prob": 87.40920096852301
    },
    ">2%": {
      "n": 53,
      "mean_gap": 0.8438523956169153,
      "gap_up_prob": 92.45283018867924
    }
  },
  "SOX_gap": {
    "<-2%": {
      "n": 213,
      "mean_gap": -0.5994831930631217,
      "gap_up_prob": 9.389671361502346
    },
    "-2~-0.5%": {
      "n": 316,
      "mean_gap": -0.08797076323799893,
      "gap_up_prob": 37.9746835443038
    },
    "-0.5~0.5%": {
      "n": 307,
      "mean_gap": 0.05700971480350374,
      "gap_up_prob": 60.91205211726385
    },
    "0.5~2%": {
      "n": 369,
      "mean_gap": 0.24518311826088157,
      "gap_up_prob": 80.48780487804879
    },
    ">2%": {
      "n": 271,
      "mean_gap": 0.5879842919282392,
      "gap_up_prob": 92.619926199262
    }
  },
  "SPX_2330": {
    "lag_0": {
      "corr": 0.11217224706553011,
      "n": 1476
    },
    "lag_1": {
      "corr": 0.3787000456538651,
      "n": 1475
    },
    "lag_2": {
      "corr": 0.009549182386359188,
      "n": 1474
    }
  },
  "SOX_2330": {
    "beta": 0.38032238802054535,
    "alpha": 0.07824917261974569,
    "r2": 0.22486582214914905,
    "n": 1475
  },
  "TSM_2330": {
    "lag_0": {
      "corr": 0.318255656009357,
      "n": 1406
    },
    "lag_1": {
      "corr": 0.5229426732564098,
      "n": 1405
    },
    "lag_2": {
      "corr": 0.03735227612527422,
      "n": 1404
    }
  },
  "beta_S&P 500": {
    "beta": 0.4233141422221661,
    "alpha": 0.04966652736044891,
    "r2": 0.18205876896549925,
    "n": 1476
  },
  "beta_費半 SOX": {
    "beta": 0.2637629975791206,
    "alpha": 0.035488401805759406,
    "r2": 0.23639931770128547,
    "n": 1476
  },
  "SOX_2454": {
    "beta": 0.33090918207868975,
    "alpha": 0.09267784040244606,
    "r2": 0.09508369532505351,
    "n": 1475
  },
  "SOX_2303": {
    "beta": 0.2695073940551532,
    "alpha": 0.08235487811135979,
    "r2": 0.07621937297179665,
    "n": 1475
  },
  "SOX_2379": {
    "beta": 0.2872593381160382,
    "alpha": 0.038296671245045634,
    "r2": 0.0905735967192806,
    "n": 1475
  }
}