{
  "metrics": {
    "1 Mean Reversion (RSI5)|FULL  (2020.1-2026.4)|all": {
      "n": 2222,
      "mean": 60.70110443568021,
      "median": 49.544836870329405,
      "win": 75.74257425742574,
      "worst": -735.0667373872603,
      "rr": 0.08257903853932738
    },
    "1 Mean Reversion (RSI5)|FULL  (2020.1-2026.4)|HL": {
      "n": 555,
      "mean": 70.46060285458607,
      "median": 62.56445743916082,
      "win": 90.09009009009009,
      "worst": -186.18462439375057,
      "rr": 0.3784447995317444
    },
    "1 Mean Reversion (RSI5)|TRAIN (2020.1-2024.5)|all": {
      "n": 2108,
      "mean": 38.06067917453064,
      "median": 31.929461842692348,
      "win": 70.9203036053131,
      "worst": -524.3434926424716,
      "rr": 0.07258730147049362
    },
    "1 Mean Reversion (RSI5)|TRAIN (2020.1-2024.5)|HL": {
      "n": 551,
      "mean": 46.84184448047049,
      "median": 42.32261787739081,
      "win": 84.75499092558984,
      "worst": -187.393854728357,
      "rr": 0.24996467759506652
    },
    "1 Mean Reversion (RSI5)|TEST  (2024.6-2026.4)|all": {
      "n": 2222,
      "mean": 26.377771006990276,
      "median": 18.355919484393745,
      "win": 72.36723672367236,
      "worst": -547.2647643509407,
      "rr": 0.048199286205232804
    },
    "1 Mean Reversion (RSI5)|TEST  (2024.6-2026.4)|HL": {
      "n": 555,
      "mean": 24.023463436900784,
      "median": 20.910588840915203,
      "win": 80.36036036036036,
      "worst": -112.00841653601573,
      "rr": 0.2144790916598322
    },
    "2 Breakout Donchian-20|FULL  (2020.1-2026.4)|all": {
      "n": 2222,
      "mean": 19.711913170474016,
      "median": 1.8673357060433011,
      "win": 50.99009900990099,
      "worst": -433.1181553158722,
      "rr": 0.04551162986021253
    },
    "2 Breakout Donchian-20|FULL  (2020.1-2026.4)|HL": {
      "n": 555,
      "mean": 85.89339377486287,
      "median": 23.287910558079567,
      "win": 69.36936936936937,
      "worst": -168.21462722291534,
      "rr": 0.5106178647653412
    },
    "2 Breakout Donchian-20|TRAIN (2020.1-2024.5)|all": {
      "n": 2082,
      "mean": 20.619867420632385,
      "median": -0.7037865910817742,
      "win": 49.279538904899134,
      "worst": -407.58150479758973,
      "rr": 0.050590782893528204
    },
    "2 Breakout Donchian-20|TRAIN (2020.1-2024.5)|HL": {
      "n": 549,
      "mean": 66.09952491733381,
      "median": 11.767203786019419,
      "win": 63.387978142076506,
      "worst": -107.849943215722,
      "rr": 0.6128841884053773
    },
    "2 Breakout Donchian-20|TEST  (2024.6-2026.4)|all": {
      "n": 2221,
      "mean": -2.4446163876202363,
      "median": -5.373861588536547,
      "win": 42.32327780279154,
      "worst": -253.4051864760915,
      "rr": -0.009647065324966753
    },
    "2 Breakout Donchian-20|TEST  (2024.6-2026.4)|HL": {
      "n": 555,
      "mean": 14.84177893859039,
      "median": 2.4734424411051217,
      "win": 53.69369369369369,
      "worst": -73.09761325386465,
      "rr": 0.203040540968767
    },
    "3 Momentum 12-1|FULL  (2020.1-2026.4)|all": {
      "n": 2074,
      "mean": 18.27831917731456,
      "median": -4.368608909323253,
      "win": 44.889103182256505,
      "worst": -227.52395665717432,
      "rr": 0.0803358004399323
    },
    "3 Momentum 12-1|FULL  (2020.1-2026.4)|HL": {
      "n": 554,
      "mean": 60.39770774867078,
      "median": 19.82871737846871,
      "win": 65.16245487364621,
      "worst": -133.71679927959397,
      "rr": 0.45168376803861965
    },
    "3 Momentum 12-1|TRAIN (2020.1-2024.5)|all": {
      "n": 1837,
      "mean": 2.2984179455190934,
      "median": -7.677499526541151,
      "win": 38.81328252585738,
      "worst": -182.54200186469683,
      "rr": 0.012591173111066892
    },
    "3 Momentum 12-1|TRAIN (2020.1-2024.5)|HL": {
      "n": 534,
      "mean": 20.55523319922662,
      "median": 3.077083106681031,
      "win": 53.93258426966292,
      "worst": -125.40419976575393,
      "rr": 0.16391184057330077
    },
    "3 Momentum 12-1|TEST  (2024.6-2026.4)|all": {
      "n": 1522,
      "mean": 15.776514573675914,
      "median": 4.274220410711824,
      "win": 58.21287779237845,
      "worst": -115.29710396476413,
      "rr": 0.13683357197330268
    },
    "3 Momentum 12-1|TEST  (2024.6-2026.4)|HL": {
      "n": 466,
      "mean": 27.734623319411778,
      "median": 5.439552536141956,
      "win": 61.80257510729614,
      "worst": -62.46964522373839,
      "rr": 0.4439695986759447
    }
  }
}