{
  "SPX → TWII": {
    "0": 0.12863698893318576,
    "1": 0.4266834528845702,
    "2": 0.05122038365519766,
    "3": 0.09846336347632258,
    "4": -0.09838220477974405,
    "5": 0.04770222305425886,
    "half_life": "2 日後"
  },
  "SOX → TWII": {
    "0": 0.12773764350833536,
    "1": 0.4862091295947511,
    "2": 0.07890020488759038,
    "3": 0.08871654811957959,
    "4": -0.06388924086765949,
    "5": 0.048238033849610625,
    "half_life": "2 日後"
  },
  "VIX → TWII": {
    "0": -0.09930140168727547,
    "1": -0.39489129802656703,
    "2": -0.08311680753913561,
    "3": -0.058791332804232196,
    "4": 0.06889067964718201,
    "5": -0.0252090411679258,
    "half_life": "2 日後"
  },
  "SOX → 2330": {
    "0": 0.13701203930594474,
    "1": 0.47420019205937597,
    "2": 0.03095896218113074,
    "3": 0.042416662401573275,
    "4": -0.07873078275631526,
    "5": 0.0630636920693741,
    "half_life": "2 日後"
  },
  "TSM → 2330": {
    "0": 0.318255656009357,
    "1": 0.5229426732564098,
    "2": 0.03735227612527422,
    "3": -0.018667419480838065,
    "4": -0.03518146850349012,
    "5": 0.024693751274992286,
    "half_life": "2 日後"
  }
}