{
  "tier": "ADV \u2265 $104M",
  "universe_size": 555,
  "metrics": {
    "A baseline (current)|FULL  (2020.1-2026.4)": {
      "n": 555,
      "mean": 100.58783696406775,
      "median": 11.468207974198853,
      "win": 60.54054054054055,
      "worst": -158.49948889155704,
      "rr": 0.6346256235115586
    },
    "A baseline (current)|TRAIN (2020.1-2024.5)": {
      "n": 545,
      "mean": 65.71719832759611,
      "median": 5.705979570138503,
      "win": 56.69724770642202,
      "worst": -156.6727428090868,
      "rr": 0.4194552105829643
    },
    "A baseline (current)|TEST  (2024.6-2026.4)": {
      "n": 555,
      "mean": 43.297576768438546,
      "median": 0.4169250930950748,
      "win": 51.17117117117117,
      "worst": -124.34058339215876,
      "rr": 0.34821757777894585
    },
    "B ATH3.5 \u5bec\u505c\u640d|FULL  (2020.1-2026.4)": {
      "n": 555,
      "mean": 100.8135632676296,
      "median": 11.555554343354139,
      "win": 60.9009009009009,
      "worst": -158.49948889155704,
      "rr": 0.6360497688204202
    },
    "B ATH3.5 \u5bec\u505c\u640d|TRAIN (2020.1-2024.5)": {
      "n": 545,
      "mean": 65.65433666472985,
      "median": 5.705979570138503,
      "win": 57.064220183486235,
      "worst": -156.6727428090868,
      "rr": 0.4190539814875954
    },
    "B ATH3.5 \u5bec\u505c\u640d|TEST  (2024.6-2026.4)": {
      "n": 555,
      "mean": 43.333844642887826,
      "median": 0.4169250930950748,
      "win": 51.17117117117117,
      "worst": -124.34058339215876,
      "rr": 0.34850925949267
    },
    "C ATH4.0 \u8d85\u5bec\u505c\u640d|FULL  (2020.1-2026.4)": {
      "n": 555,
      "mean": 100.93732944811197,
      "median": 11.520028175034849,
      "win": 60.72072072072072,
      "worst": -158.49948889155704,
      "rr": 0.6368306305212869
    },
    "C ATH4.0 \u8d85\u5bec\u505c\u640d|TRAIN (2020.1-2024.5)": {
      "n": 545,
      "mean": 65.66484473338559,
      "median": 5.8227352711815294,
      "win": 57.247706422018354,
      "worst": -156.6727428090868,
      "rr": 0.4191210516650068
    },
    "C ATH4.0 \u8d85\u5bec\u505c\u640d|TEST  (2024.6-2026.4)": {
      "n": 555,
      "mean": 43.43105150514589,
      "median": 0.5067120896481975,
      "win": 51.711711711711715,
      "worst": -124.34058339215876,
      "rr": 0.34929103853541
    },
    "D ADX25 \u56b4\u683c\u8da8\u52e2|FULL  (2020.1-2026.4)": {
      "n": 555,
      "mean": 90.84232676386179,
      "median": 10.284649140645866,
      "win": 61.98198198198198,
      "worst": -147.45243947861027,
      "rr": 0.6160788325040872
    },
    "D ADX25 \u56b4\u683c\u8da8\u52e2|TRAIN (2020.1-2024.5)": {
      "n": 545,
      "mean": 60.27446778503095,
      "median": 4.593284733126874,
      "win": 55.22935779816513,
      "worst": -175.5913050121091,
      "rr": 0.3432656746920032
    },
    "D ADX25 \u56b4\u683c\u8da8\u52e2|TEST  (2024.6-2026.4)": {
      "n": 553,
      "mean": 38.98812238315134,
      "median": -0.945478483101142,
      "win": 49.00542495479204,
      "worst": -124.34058339215876,
      "rr": 0.3135591077306304
    },
    "E ADX18 \u5bec\u9b06\u8da8\u52e2|FULL  (2020.1-2026.4)": {
      "n": 555,
      "mean": 113.8885640668141,
      "median": 16.065583061466032,
      "win": 64.5045045045045,
      "worst": -158.49948889155704,
      "rr": 0.7185421534370684
    },
    "E ADX18 \u5bec\u9b06\u8da8\u52e2|TRAIN (2020.1-2024.5)": {
      "n": 546,
      "mean": 72.54897125146465,
      "median": 6.732824357832364,
      "win": 57.509157509157504,
      "worst": -156.6727428090868,
      "rr": 0.46306058061336824
    },
    "E ADX18 \u5bec\u9b06\u8da8\u52e2|TEST  (2024.6-2026.4)": {
      "n": 555,
      "mean": 48.676949350306096,
      "median": 2.348580403066524,
      "win": 53.51351351351351,
      "worst": -124.34058339215876,
      "rr": 0.39148078625932997
    },
    "F RSI40 T3\u56b4\u683c|FULL  (2020.1-2026.4)": {
      "n": 555,
      "mean": 90.27966150706712,
      "median": 13.172316783618005,
      "win": 63.42342342342342,
      "worst": -156.12865781111086,
      "rr": 0.5782388881885487
    },
    "F RSI40 T3\u56b4\u683c|TRAIN (2020.1-2024.5)": {
      "n": 543,
      "mean": 62.804796001990056,
      "median": 7.777777197027001,
      "win": 60.40515653775322,
      "worst": -151.85299866660694,
      "rr": 0.4135894355295407
    },
    "F RSI40 T3\u56b4\u683c|TEST  (2024.6-2026.4)": {
      "n": 552,
      "mean": 30.977571036904234,
      "median": 1.5567071628391251,
      "win": 53.62318840579711,
      "worst": -79.29854005964496,
      "rr": 0.3906449099012949
    },
    "G RSI45|FULL  (2020.1-2026.4)": {
      "n": 555,
      "mean": 94.94836440395673,
      "median": 15.112711051580563,
      "win": 64.14414414414415,
      "worst": -143.52936905966533,
      "rr": 0.6615256865268222
    },
    "G RSI45|TRAIN (2020.1-2024.5)": {
      "n": 545,
      "mean": 64.7878819079802,
      "median": 8.102925157268654,
      "win": 60.550458715596335,
      "worst": -188.26477839447062,
      "rr": 0.34413171948833865
    },
    "G RSI45|TEST  (2024.6-2026.4)": {
      "n": 554,
      "mean": 34.69046088860928,
      "median": 0.8561610024541919,
      "win": 52.34657039711191,
      "worst": -111.50395018683477,
      "rr": 0.31111418770799
    },
    "H +MK SP500\u591a\u982d|FULL  (2020.1-2026.4)": {
      "n": 555,
      "mean": 100.58783696406775,
      "median": 11.468207974198853,
      "win": 60.54054054054055,
      "worst": -158.49948889155704,
      "rr": 0.6346256235115586
    },
    "H +MK SP500\u591a\u982d|TRAIN (2020.1-2024.5)": {
      "n": 545,
      "mean": 65.71719832759611,
      "median": 5.705979570138503,
      "win": 56.69724770642202,
      "worst": -156.6727428090868,
      "rr": 0.4194552105829643
    },
    "H +MK SP500\u591a\u982d|TEST  (2024.6-2026.4)": {
      "n": 555,
      "mean": 43.297576768438546,
      "median": 0.4169250930950748,
      "win": 51.17117117117117,
      "worst": -124.34058339215876,
      "rr": 0.34821757777894585
    },
    "I +DYNSTOP \u52d5\u614b\u505c\u640d|FULL  (2020.1-2026.4)": {
      "n": 555,
      "mean": 100.58783696406775,
      "median": 11.468207974198853,
      "win": 60.54054054054055,
      "worst": -158.49948889155704,
      "rr": 0.6346256235115586
    },
    "I +DYNSTOP \u52d5\u614b\u505c\u640d|TRAIN (2020.1-2024.5)": {
      "n": 545,
      "mean": 65.71719832759611,
      "median": 5.705979570138503,
      "win": 56.69724770642202,
      "worst": -156.6727428090868,
      "rr": 0.4194552105829643
    },
    "I +DYNSTOP \u52d5\u614b\u505c\u640d|TEST  (2024.6-2026.4)": {
      "n": 555,
      "mean": 43.297576768438546,
      "median": 0.4169250930950748,
      "win": 51.17117117117117,
      "worst": -124.34058339215876,
      "rr": 0.34821757777894585
    },
    "J +CB30 \u7d2f\u640d\u7194\u65b7|FULL  (2020.1-2026.4)": {
      "n": 555,
      "mean": 97.82050871509306,
      "median": 12.360282692826354,
      "win": 61.261261261261254,
      "worst": -158.49948889155704,
      "rr": 0.6171660829898346
    },
    "J +CB30 \u7d2f\u640d\u7194\u65b7|TRAIN (2020.1-2024.5)": {
      "n": 545,
      "mean": 65.15258457733825,
      "median": 5.8227352711815294,
      "win": 56.88073394495413,
      "worst": -156.6727428090868,
      "rr": 0.41585143279664016
    },
    "J +CB30 \u7d2f\u640d\u7194\u65b7|TEST  (2024.6-2026.4)": {
      "n": 555,
      "mean": 42.752693018651954,
      "median": 0.4169250930950748,
      "win": 51.17117117117117,
      "worst": -124.34058339215876,
      "rr": 0.3438353902829448
    },
    "K T1 only|FULL  (2020.1-2026.4)": {
      "n": 555,
      "mean": 95.05114611409118,
      "median": 16.68637553557892,
      "win": 64.5045045045045,
      "worst": -158.49948889155704,
      "rr": 0.5996937073981592
    },
    "K T1 only|TRAIN (2020.1-2024.5)": {
      "n": 545,
      "mean": 63.91793357397543,
      "median": 8.105455979979915,
      "win": 60.73394495412844,
      "worst": -145.84570171633203,