{
  "tier": "ADV \u2265 $104M",
  "universe_size": 555,
  "metrics": {
    "A1 P5+POS (baseline)|FULL  (2020.1-2026.4)": {
      "n": 555,
      "mean": 100.58783696406775,
      "median": 11.468207974198853,
      "win": 60.54054054054055,
      "worst": -158.49948889155704,
      "rr": 0.6346256235115586
    },
    "A1 P5+POS (baseline)|TRAIN (2020.1-2024.5)": {
      "n": 545,
      "mean": 65.71719832759611,
      "median": 5.705979570138503,
      "win": 56.69724770642202,
      "worst": -156.6727428090868,
      "rr": 0.4194552105829643
    },
    "A1 P5+POS (baseline)|TEST  (2024.6-2026.4)": {
      "n": 555,
      "mean": 43.297576768438546,
      "median": 0.4169250930950748,
      "win": 51.17117117117117,
      "worst": -124.34058339215876,
      "rr": 0.34821757777894585
    },
    "A2 P7+POS|FULL  (2020.1-2026.4)": {
      "n": 555,
      "mean": 100.4530662273808,
      "median": 12.253073597262892,
      "win": 61.261261261261254,
      "worst": -158.49948889155704,
      "rr": 0.6337753322101201
    },
    "A2 P7+POS|TRAIN (2020.1-2024.5)": {
      "n": 545,
      "mean": 65.39679974369577,
      "median": 5.8227352711815294,
      "win": 57.798165137614674,
      "worst": -157.88662554486666,
      "rr": 0.4142010098576206
    },
    "A2 P7+POS|TEST  (2024.6-2026.4)": {
      "n": 555,
      "mean": 43.317812111073685,
      "median": 0.8135930185139896,
      "win": 51.891891891891895,
      "worst": -124.34058339215876,
      "rr": 0.34838031903431954
    },
    "A3 P10+POS \u2b50|FULL  (2020.1-2026.4)": {
      "n": 555,
      "mean": 100.36028845248566,
      "median": 14.04355448578973,
      "win": 62.70270270270271,
      "worst": -158.49948889155704,
      "rr": 0.6331899815850552
    },
    "A3 P10+POS \u2b50|TRAIN (2020.1-2024.5)": {
      "n": 545,
      "mean": 65.17552844415258,
      "median": 5.705979570138503,
      "win": 58.532110091743114,
      "worst": -145.84570171633203,
      "rr": 0.446880008647208
    },
    "A3 P10+POS \u2b50|TEST  (2024.6-2026.4)": {
      "n": 555,
      "mean": 43.696686213760934,
      "median": 1.172214772399061,
      "win": 52.792792792792795,
      "worst": -92.0284017148584,
      "rr": 0.4748173976676366
    },
    "A4 P12+POS|FULL  (2020.1-2026.4)": {
      "n": 555,
      "mean": 99.98160305599622,
      "median": 13.135020022718615,
      "win": 62.16216216216216,
      "worst": -158.49948889155704,
      "rr": 0.630800791568496
    },
    "A4 P12+POS|TRAIN (2020.1-2024.5)": {
      "n": 545,
      "mean": 65.0298582551789,
      "median": 5.705979570138503,
      "win": 58.532110091743114,
      "worst": -145.84570171633203,
      "rr": 0.44588121206109393
    },
    "A4 P12+POS|TEST  (2024.6-2026.4)": {
      "n": 555,
      "mean": 43.74562717029129,
      "median": 1.3550626780270103,
      "win": 53.153153153153156,
      "worst": -92.0284017148584,
      "rr": 0.4753492004113374
    },
    "A5 P15+POS|FULL  (2020.1-2026.4)": {
      "n": 555,
      "mean": 99.06440548276096,
      "median": 13.624647141306486,
      "win": 62.52252252252253,
      "worst": -158.49948889155704,
      "rr": 0.6250140374303625
    },
    "A5 P15+POS|TRAIN (2020.1-2024.5)": {
      "n": 545,
      "mean": 64.89559397458501,
      "median": 6.440297242233012,
      "win": 59.26605504587156,
      "worst": -145.84570171633203,
      "rr": 0.4449606207854249
    },
    "A5 P15+POS|TEST  (2024.6-2026.4)": {
      "n": 555,
      "mean": 41.575351626124544,
      "median": 1.628306339186063,
      "win": 53.69369369369369,
      "worst": -92.0284017148584,
      "rr": 0.45176652915196736
    },
    "A6 P20+POS|FULL  (2020.1-2026.4)": {
      "n": 555,
      "mean": 98.27366901725338,
      "median": 14.638131363124863,
      "win": 63.78378378378379,
      "worst": -158.49948889155704,
      "rr": 0.6200251477434778
    },
    "A6 P20+POS|TRAIN (2020.1-2024.5)": {
      "n": 545,
      "mean": 64.7476127681302,
      "median": 7.29577383141222,
      "win": 60.0,
      "worst": -145.84570171633203,
      "rr": 0.44394597856619356
    },
    "A6 P20+POS|TEST  (2024.6-2026.4)": {
      "n": 555,
      "mean": 41.74145903625724,
      "median": 1.6736624115293368,
      "win": 54.054054054054056,
      "worst": -92.0284017148584,
      "rr": 0.4535714872631314
    },
    "B1 P10+POS+ADX18|FULL  (2020.1-2026.4)": {
      "n": 555,
      "mean": 112.35445754778299,
      "median": 17.99298165340291,
      "win": 64.86486486486487,
      "worst": -158.49948889155704,
      "rr": 0.7088632167429525
    },
    "B1 P10+POS+ADX18|TRAIN (2020.1-2024.5)": {
      "n": 546,
      "mean": 71.49419140311826,
      "median": 7.994232184338976,
      "win": 58.97435897435898,
      "worst": -150.82222334628938,
      "rr": 0.4740295549082768
    },
    "B1 P10+POS+ADX18|TEST  (2024.6-2026.4)": {
      "n": 555,
      "mean": 49.541614450397546,
      "median": 3.229329869200872,
      "win": 55.31531531531532,
      "worst": -99.88562666693497,
      "rr": 0.4959834172697567
    },
    "B2 P10+POS+RSI40|FULL  (2020.1-2026.4)": {
      "n": 555,
      "mean": 89.92216719081486,
      "median": 13.489946132627342,
      "win": 63.06306306306306,
      "worst": -156.12865781111086,
      "rr": 0.5759491463739181
    },
    "B2 P10+POS+RSI40|TRAIN (2020.1-2024.5)": {
      "n": 543,
      "mean": 62.57826474135939,
      "median": 7.839568470902443,
      "win": 60.58931860036832,
      "worst": -151.85299866660694,
      "rr": 0.41209765556721006
    },
    "B2 P10+POS+RSI40|TEST  (2024.6-2026.4)": {
      "n": 552,
      "mean": 31.126294167996523,
      "median": 1.8045929218679475,
      "win": 54.166666666666664,
      "worst": -79.29854005964496,
      "rr": 0.39252039374980496
    },
    "B3 P10+POS+ATH4.0|FULL  (2020.1-2026.4)": {
      "n": 555,
      "mean": 100.77623626410485,
      "median": 14.04355448578973,
      "win": 62.88288288288288,
      "worst": -158.49948889155704,
      "rr": 0.6358142664614801
    },
    "B3 P10+POS+ATH4.0|TRAIN (2020.1-2024.5)": {
      "n": 545,
      "mean": 65.18803564191789,
      "median": 6.712762958568986,
      "win": 58.532110091743114,
      "worst": -145.84570171633203,
      "rr": 0.446965765015878
    },
    "B3 P10+POS+ATH4.0|TEST  (2024.6-2026.4)": {
      "n": 555,
      "mean": 43.83749788189746,
      "median": 1.3550626780270103,
      "win": 52.972972972972975,
      "worst": -92.0284017148584,
      "rr": 0.4763474869173969
    },
    "C1 P10+POS+ADX18+RSI40|FULL  (2020.1-2026.4)": {
      "n": 555,
      "mean": 104.43748076168268,
      "median": 20.712378577207367,
      "win": 67.2072072072072,
      "worst": -208.03676971127274,
      "rr": 0.502014528040538
    },
    "C1 P10+POS+ADX18+RSI40|TRAIN (2020.1-2024.5)": {
      "n": 546,
      "mean": 69.13878865101834,
      "median": 11.615907342292793,
      "win": 62.637362637362635,
      "worst": -156.9803126099859,
      "rr": 0.4404296787380729
    },
    "C1 P10+POS+ADX18+RSI40|TEST  (2024.6-2026.4)": {
      "n": 555,
      "mean": 38.262820262745336,
      "median": 2.3063725570937113,
      "win": 55.85585585585585,
      "worst": -95.84975852190823,
      "rr": 0.39919579196435495
    },
    "C2 P10+POS+ATH4.0+ADX18|FULL  (2020.1-2026.4)": {
      "n": 555,
      "mean": 112.71730430264444,
      "median": 17.99298165340291,
      "win": 64.5045045045045,
      "worst": -158.49948889155704,
      "rr": 0.7111524780989289
    },
    "C2 P10+POS+ATH4.0+ADX18|TRAIN (2020.1-2024.5)": {
      "n": 546,
      "mean": 71.51338145661859,
      "median": 8.762596412468646,
      "win": 59.15750915750916,
      "worst": -150.82222334628938,
      "rr": 0.4741567911541997
    },
    "C2 P10+POS+ATH4.0+ADX18|TEST  (2024.6-2026.4)": {
      "n": 555,
      "mean": 49.65815220584754,
      "median": 3.229329869200872,
      "win": 55.4954954954955,
      "worst": -99.88562666693497,
      "rr": 0.4971501292316147
    },
    "C3 P10+POS+ATH4.0+RSI40|FULL  (2020.1-2026.4)": {
      "n": 555,